Time(hours),Single Domain Error(μs),2 domains (50 hops each) Error(μs),4 domains (25 hops each) Error(μs),10 domains (10 hops each) Error(μs)
0.0,1.35493804451154,-1.7487199615718712,-0.8067301321639164,-2.2191478594591687
0.024024024024024024,-0.7766772683088343,1.0551698791347495,1.5555247025408514,-1.4816632658265843
0.04804804804804805,1.5386305223420498,2.2663808586083176,-1.0851321776032075,-2.2076214273158037
0.07207207207207207,-0.6944120849590902,-0.7352794308536977,-1.3735401096562976,2.1791019481700022
0.0960960960960961,1.037031548031364,-1.1955985186184697,-1.8208179633168122,-1.4071982226344495
0.12012012012012012,1.3178008950301277,-0.6484678699534222,-1.5467436360873528,1.6471153093812534
0.14414414414414414,-1.3966707317673688,1.3207818559025877,0.8523675476387174,1.1463014246002856
0.16816816816816815,2.1137656278793804,1.200688512471694,-1.677826447016241,-1.4882049200419736
0.1921921921921922,-2.894918317003424,1.3014566098734917,-1.4842254714283667,-1.9001208815721262
0.21621621621621623,-3.029144489733912,-0.7696356372634893,-2.2489425577717315,1.1494223898141498
0.24024024024024024,0.049950299850554665,-0.44614692271481665,1.6793936032078514,2.053906388759047
0.26426426426426425,-1.4904740813466524,-0.7556699190739484,1.815138412907656,-2.240361293530783
0.2882882882882883,1.0549384990087336,-0.9552414273022707,0.9220413666991969,2.0455061818861764
0.3123123123123123,1.0370304866398723,-1.0126218931170818,-1.427846516520495,-1.3184005276654378
0.3363363363363363,0.9500893409449279,1.8192305685341092,1.4364235218188113,-1.5839468194711959
0.36036036036036034,1.3426969890297125,1.3663189236243487,-1.4090661203156536,-1.5269337492901836
0.3843843843843844,1.2763103616416211,-1.1306976838885603,-2.0741680206669586,-1.7578642017207669
0.4084084084084084,-1.5439551230833435,-2.3161073971992026,-2.0548020896172443,1.6749814964675935
0.43243243243243246,-0.4485357932893392,0.45920838008091996,-2.0123889882215864,2.298406858726745
0.45645645645645644,-1.0353593233079992,1.116575996557334,1.122484841857206,-1.9234722244610314
0.4804804804804805,0.4974220454055557,0.14457256848433023,1.6459176365959884,-1.4185280200342951
0.5045045045045045,2.069911295497485,-0.6719688690003331,-2.4809434048722614,1.9955803506822687
0.5285285285285285,-0.9918638033955108,-0.6047694139012998,1.0899063321913853,1.4172177243896484
0.5525525525525525,1.9798953936250467,-1.6789231442814212,-1.3704262646714713,1.4587062927003316
0.5765765765765766,-2.0821265173570684,1.7035567871638575,-1.0221416313710254,2.2742730377529505
0.6006006006006006,-0.005950343410793612,-0.9585102270002744,1.2818272308633212,-2.137050877797038
0.6246246246246246,-0.3369873914862727,2.117699918548655,-1.932990917614479,-1.9800585007646976
0.6486486486486487,0.5477496514007785,0.4737140407428466,0.9432530856581768,-1.2019982038789072
0.6726726726726726,0.8751933624502884,-1.3599565519363703,-1.5920294958171564,-2.19161301047928
0.6966966966966966,-1.2327176453378885,1.9125408147621419,-1.3474067129594427,2.1797876291199696
0.7207207207207207,-1.3256374456774433,1.276227360688074,1.1018403336739198,-1.3923604179344509
0.7447447447447447,-0.7732929984515402,1.6456597413864076,1.3646245180139225,-1.3785961427706939
0.7687687687687688,2.878392671740911,-1.5590475114801579,-2.232142766800534,-1.2378824593095459
0.7927927927927928,-1.9390737749873492,-2.2797953491586784,1.5386287491006805,-1.7983864338500188
0.8168168168168168,-0.04907559758934316,-0.6357655518852777,1.5566829656857093,-1.6733220331989596
0.8408408408408409,2.0594246299437375,1.4615716621505632,-2.0634164224095444,-2.270384220411617
0.8648648648648649,0.4505220314270875,1.4882567091416845,1.5590804257962771,2.0379592394570376
0.8888888888888888,-0.8600101786588746,-1.4040032019762358,-1.7816652454339619,2.0222484477653166
0.9129129129129129,2.5353395343481138,-2.292371101176978,-2.0646722641065183,1.3994418732527798
0.9369369369369369,1.7961011455565086,-1.2733612027170613,1.8699669277418471,2.0867385117076003
0.960960960960961,0.37618716630948223,-1.4492535863426974,1.2440439192512427,-1.6995190889706675
0.984984984984985,-1.4293900067824112,-0.7854433293038684,-1.8249623447338406,-1.6168599347181785
1.009009009009009,1.153983983684066,0.37535279011422096,1.2493983915694258,-1.221149463675723
1.033033033033033,-1.634313349457832,-1.5820401581685613,1.10758824307019,-1.8340369334858808
1.057057057057057,-1.3141049029553633,1.2965329195967867,-1.7925809659648757,-1.9411135587900228
1.0810810810810811,-0.9752436139207751,-1.1374752719662427,-1.90487819658722,1.430296186587472
1.105105105105105,-0.32402037398828276,-0.47204092780159895,-1.0659503742376009,-2.1014280120295656
1.1291291291291292,0.371856121527875,1.2775393990592308,-1.567980402288751,-1.3363456689507514
1.1531531531531531,-2.541763733834931,-1.5437765137762276,1.6447303322187499,-1.9897600524487338
1.177177177177177,0.6505894133280133,-2.197871888902211,-1.4577965916987226,-1.8810030681006833
1.2012012012012012,-0.34367793767689264,1.300076519792437,-2.1767543286109863,-1.625590002588427
1.2252252252252251,1.226466232248448,0.6008500574840315,1.3336503487667655,-2.318430116063751
1.2492492492492493,1.6315473364174058,-2.7841076781385654,1.7975691225417731,-1.8575705744756192
1.2732732732732732,1.3102633368321364,-0.7848164363500064,1.2029564702588003,1.9560641461963417
1.2972972972972974,-0.5351918423177708,0.5777591309103913,-1.973555033772562,1.5672956483902236
1.3213213213213213,0.5962185515265187,-0.4741547443535507,1.0568228201643293,1.4815435750951083
1.3453453453453452,1.1837671704580208,-1.4744134058912368,-1.874469015884718,-1.7654833069449316
1.3693693693693694,1.667017224789027,-0.387126129840115,-2.086492079495586,-1.5995710856018268
1.3933933933933933,1.0300453619856589,1.6024719076617107,1.3825610267632127,-1.8888766783697224
1.4174174174174174,-2.3628681436296834,1.5439802247993817,1.719612452907892,-1.4924102693434154
1.4414414414414414,-0.21948492025940777,1.054358707399305,2.331551475503134,-2.1219670236663504
1.4654654654654655,0.8451865913701377,-1.715448149631795,-2.3192256815341206,-2.049269558770188
1.4894894894894894,1.9792191784266204,1.3676357675732194,-1.537260527018952,1.774443428065119
1.5135135135135136,-1.8696953196760795,0.477090653917156,1.7009881015830468,1.7089734820354658
1.5375375375375375,0.13534335854725363,1.4988978327262603,-0.9579069158969469,-1.6494200551939786
1.5615615615615615,0.18478324670605417,1.8489497615257242,-2.4015632246979646,-1.7941557684257181
1.5855855855855856,2.923300160460179,1.2728641703070183,1.3733515068044388,1.479572058798125
1.6096096096096095,-0.019671280387091306,2.300335238035544,-1.5871916876930217,-2.4002170402211305
1.6336336336336337,1.0289066916018184,-0.7769057088346717,-1.1861410131077816,2.0410982750126414
1.6576576576576576,2.1557176431813856,-1.0258542669560011,1.4132752896008507,-2.0950811562077862
1.6816816816816818,1.635452784893922,2.2141142618783443,-1.2328693719453234,2.2076746269587235
1.7057057057057057,-0.462321137379285,0.5507257890923126,1.7193903842557579,-2.0841740524450194
1.7297297297297298,0.5094276153579805,-0.6165234736858006,2.0981168982564573,2.4909937111522193
1.7537537537537538,-1.9107878281341952,-1.1234583729058152,1.2303604529209304,-1.5942701406462239
1.7777777777777777,2.320384969718722,0.859968936094474,1.3216251688271081,-1.9757339910467882
1.8018018018018018,-0.7567112860187339,-1.4119922175064212,1.0010846357466585,-1.861533881263158
1.8258258258258258,-1.4551809840712884,-1.9415879622714074,1.8985284110052618,-1.4664029357745003
1.84984984984985,0.9666048336265649,-0.8960773269537968,1.019384913663815,-1.7408539372832783
1.8738738738738738,-0.3963800902251497,-0.6071719800783729,-1.9506706871121122,2.0660356901613177
1.897897897897898,0.5720150730045438,-1.1234310935268086,0.7932963920789234,-1.920402821799916
1.921921921921922,1.0164360770828176,1.4545584131241382,-1.0139677215191594,-1.8286462164124782
1.9459459459459458,-0.41002147115370785,1.5699053200458652,-1.2154148660383641,-1.578229739064354
1.96996996996997,2.8455006938130443,-0.6089519035486896,-0.8976202115453457,1.8647513296832987
1.993993993993994,-2.8068846025853578,-2.564641742249503,1.6958525359428613,2.3181704669309773
2.018018018018018,-0.20174481415090162,-0.5816586650555211,-1.308056343175559,1.8986414282198187
2.042042042042042,-1.294173713680183,1.8865145310221578,1.2686235272129573,2.069497164368957
2.066066066066066,-1.4917014408987133,-1.1686004930570049,1.327064605601426,-1.702001349266976
2.09009009009009,1.5439701686805256,1.2272170266532214,1.8024570642720794,-1.5127248292651656
2.114114114114114,0.9847607894326532,-1.937545333274308,-2.0803338647893326,1.9140789279898978
2.138138138138138,-1.4876107043857472,2.061167322908645,-1.160276467900011,-1.3469340782007737
2.1621621621621623,1.8576030319050922,-1.045740544506923,1.9112207432169301,-1.704039256530059
2.186186186186186,0.4844632039692775,1.22458968139255,2.423936667884677,-1.7147829397945997
2.21021021021021,-0.05329412021780312,-1.856432362313692,-2.052159659224548,-1.4343325209066635
2.234234234234234,-1.6969983579069767,-1.2005399173541689,1.9236544280866517,1.6248564850200955
2.2582582582582584,-2.152687709157893,1.2839040513622346,-0.8771965868603558,-1.5986656048884853
2.2822822822822824,-0.3701468742618446,-0.4912251321646313,-1.4866835858842231,1.96565943584657
2.3063063063063063,-0.9172323926046136,1.0323496941648462,-1.3225513984717927,-1.8801903752328033
2.33033033033033,1.344921363763949,1.8416194933865049,1.84399804028886,2.3715059025540595
2.354354354354354,4.1769431907067,-1.0790918447275775,-0.5664330422820097,1.968586616581609
2.3783783783783785,-0.6274565351402621,-1.5731926995376988,-0.5050577699588589,-1.003824829704343
2.4024024024024024,0.4678189106698988,-0.4933432770529926,2.415877772196432,-1.7839413634365737
2.4264264264264264,1.2170506647195596,-1.6610750780931327,0.46713255016575944,1.1940311592617274
2.4504504504504503,1.9196220900672358,-1.6612325604351068,-2.571163571458664,1.7422074144813908
2.4744744744744747,-1.9547231447476796,0.7184147153752564,0.9362221523007267,-2.0600561217805557
2.4984984984984986,1.441999843805292,1.370100152629087,0.730200004025287,1.943420518583168
2.5225225225225225,-2.9081278054662163,1.531459842665349,1.6052364107296346,1.7297393090018385
2.5465465465465464,-0.55091862513847,-1.0978105303347074,-1.5662485615530763,-1.7229104190467528
2.5705705705705704,-0.0994067679538159,2.125833865004138,1.6300373045094547,1.7226912104786336
2.5945945945945947,-1.9463638401217427,0.9557592522395606,-1.8846706560827762,1.5339172475948466
2.6186186186186187,1.6011584905275047,1.7882971618984242,1.7167533375688109,-1.3955701676862042
2.6426426426426426,-1.168073028265436,1.395376358956628,-2.0574328232405636,-1.1208947315141717
2.6666666666666665,2.44122396964978,-1.3244053420447228,1.624157633594189,1.6938104919197905
2.6906906906906904,3.638718822062307,-1.693739001757739,1.1280168421086607,2.238670747077302
2.714714714714715,-0.6120055232230586,-1.1577722603332499,2.0440859326846565,1.5164408412919728
2.7387387387387387,-0.8520660435413338,-0.6055531604762081,-1.2152047259059562,1.33715801449447
2.7627627627627627,-0.60560950974637,1.6442034574620357,1.8339849998761595,1.92341212462571
2.7867867867867866,2.56147368217071,1.681657562429048,1.7107557025696698,2.1534605307796943
2.810810810810811,3.231609668132079,-1.9053461586826237,1.7274006669933162,2.021524107812207
2.834834834834835,-2.1923770252562247,1.283465941259102,-1.5883803269597632,-2.248417214080437
2.858858858858859,-0.2766666148802728,-1.9289736469473266,0.8507341564284849,1.9139068375345507
2.8828828828828827,-1.3215792059039102,1.7541494634869175,1.9681333875532383,-1.6705676256077993
2.9069069069069067,-0.447484324148447,-1.285145062414593,-0.5840787501253306,2.3525167895101875
2.930930930930931,0.9514507286738896,-1.2367418791686209,0.48345065511011487,1.902698146259773
2.954954954954955,0.9573308487911457,-0.776691951165219,-1.8077708862975916,1.129733313603338
2.978978978978979,0.6341635889644296,0.6251274229226554,2.3473588936715473,2.0826155618238547
3.003003003003003,0.9055710547256668,1.3801430447765533,-2.1451066153996483,1.4710606922703156
3.027027027027027,0.4904531133037069,0.3233745816330122,1.5130577041230853,1.6045831022647443
3.051051051051051,-0.1543451643389273,-0.5123897019481995,-1.1048698633437346,-2.1135862149316527
3.075075075075075,-1.176632308918701,-2.382216935505755,1.4488099063785733,2.2856755365563655
3.099099099099099,0.636265430732489,-2.516118573480002,2.5409273947138082,-0.9513045614267659
3.123123123123123,-1.9912454351617548,-2.0414606859887123,0.5702817389364897,2.331175165580055
3.1471471471471473,-2.7819411854841865,1.6090776728762217,-1.1741963901120647,1.9237136083367763
3.171171171171171,2.0428520611739516,1.5754099474827383,1.3011520086918746,-2.2384315082508985
3.195195195195195,0.8804766083879872,-1.136450283822483,0.7650018406842395,-2.4498877205590532
3.219219219219219,3.0025875594668596,2.4444028135522737,-1.192815447680961,1.7133470700496676
3.2432432432432434,2.5585797340671053,1.7013370673873291,-2.016150856434291,1.9491449727567374
3.2672672672672673,-1.0165502527244368,0.525629742972215,-0.5480986404030341,1.9433879406730674
3.2912912912912913,1.7390150368514221,1.9526700053907171,1.9314233595292025,2.411471124671034
3.315315315315315,3.05828044056871,0.7358434214782639,1.8232344895814514,2.1146693950888875
3.339339339339339,-3.075669221032652,1.2838845929971812,2.055339775709232,2.133146379979376
3.3633633633633635,1.0121353973415652,2.563953663569696,2.0144818577501535,2.183980908428186
3.3873873873873874,0.7620732902832973,0.8284728879479988,-1.4196361615777908,-1.6409742672509338
3.4114114114114114,2.05758462365811,-1.3824635963683685,-1.5862737758437377,-1.38854210685271
3.4354354354354353,1.9782670122921455,-1.1817294876024385,-0.8603208401330413,-1.7315102137061065
3.4594594594594597,2.188827219271062,-2.117536746397346,2.023460925223818,-2.354566204516364
3.4834834834834836,1.7880474948971294,2.030696322106513,-2.0783194847637807,-1.840838208340846
3.5075075075075075,1.1761528048884196,-1.4030614052132935,1.900355368955881,-2.3417087754035664
3.5315315315315314,-1.4184429948054846,2.1186256016451597,1.2831709549178847,1.5923504189526838
3.5555555555555554,0.20914487684026375,-0.8361162964588962,1.757355975980207,-1.7843233698314356
3.5795795795795797,-0.9954374959012952,1.1985838881028166,0.9459359941116808,-2.0658935476926805
3.6036036036036037,1.8621307981945203,-0.458649276116905,2.0375784579665823,1.655740385497462
3.6276276276276276,1.8144988146576804,-1.7071495469239242,1.2576921377820052,1.567441850733403
3.6516516516516515,1.0854161528628214,1.6213397830726681,2.752244260445214,-1.9122233783067573
3.6756756756756754,-1.2185491007621734,-0.04068571629631014,1.4100995045308469,-2.1959062363774486
3.6996996996997,-1.1351691822480006,1.4042010044055118,0.7366074830352046,-2.138655518865166
3.7237237237237237,-1.0534223862759293,-0.43271823552116784,-1.029089849508698,-2.104179412066809
3.7477477477477477,1.2672530670565016,-1.2927664013243454,-2.3185932506018605,-1.457257595867587
3.7717717717717716,1.9670054024992978,-1.1882169361402115,-1.9331838247063338,-1.8363540012137645
3.795795795795796,0.46226279351474875,-2.0442796131116014,1.4744882444968668,1.996768086285445
3.81981981981982,0.9525785566020611,-0.2732866716312553,-1.2045383184742566,-1.558695358646912
3.843843843843844,-1.9359877522936275,0.5227115157919028,1.3238861264861421,1.7690865727548786
3.8678678678678677,1.0790303363239007,-1.60850714064691,1.7294245128850512,1.9751732883686706
3.8918918918918917,-2.6368617439412,1.3614987519573607,-1.8469032466744215,-1.699273986161291
3.915915915915916,0.4411394804042951,-2.1290585945473164,-1.3955029388540818,-2.2509476903462926
3.93993993993994,1.9941968093888347,-0.3137100030923768,-1.4180597279572773,2.255831744918262
3.963963963963964,2.326318178278641,0.31699746443004967,0.5399430615775777,-1.7923353599354084
3.987987987987988,-0.8636503428127829,0.7773225225534889,1.090685908018082,1.830062214445947
4.012012012012012,0.6232620427456829,-0.7871888368160962,-1.930992900518202,1.90485801439297
4.036036036036036,1.8278754961329122,-0.8593952618214432,1.3454368036317863,-1.590048720418025
4.06006006006006,-0.5774007850162501,1.1472661705668061,-1.5660079966406981,2.1098634429247736
4.084084084084084,-0.25088785396750146,-0.9998831480619023,1.3508953690441703,-2.0721419087439825
4.108108108108108,0.16703485690173145,-1.1104836488136547,-0.6417328456586404,-1.8249590565573715
4.132132132132132,2.0924084628856177,-1.779881981168444,1.2193640584189251,1.6837406543462843
4.156156156156156,1.8022501126281762,1.0987528383442886,2.006662198260176,-2.1120579268287445
4.18018018018018,0.25688996352671967,-1.4243106793317615,-1.676804151706665,-1.8926129679342159
4.2042042042042045,1.2643995853622512,1.873598797839739,-2.2121698703308423,-2.2816792911483263
4.228228228228228,1.305483518897615,-1.3197110925811828,1.8036943699144308,-1.9072517758516951
4.252252252252252,-1.5353897930305995,-0.6977396191960217,-0.5865896164964111,1.8008620948063239
4.276276276276276,-0.603178433895691,2.000119609817825,1.41439272234423,-1.3827533504766312
4.3003003003003,-0.6304010832092486,1.1468782429958535,1.6016328728829021,-1.6584979304589866
4.324324324324325,-1.8894147149690586,-1.781640099542106,-1.1931065612376894,-1.5390464308435259
4.348348348348348,-1.861305591821922,-0.4878671944500013,-0.9955901005710894,1.7753381594493833
4.372372372372372,-1.8093498581147074,-1.3923603546682786,1.9208992894300128,-1.8245253585058372
4.396396396396397,0.04411085230239818,1.953832096181337,-1.6371773567923205,-2.482458983557939
4.42042042042042,1.3430558923375802,-2.449396174114535,-2.3428126630085817,-1.9031970714436914
4.444444444444445,1.0620778936749495,-0.78809420604853,-1.396599770008248,-2.3330177891277755
4.468468468468468,0.617769622282954,2.468160134507182,-1.634303934655212,-1.9668255189715311
4.4924924924924925,-0.9667682531228077,1.4653801294080293,-1.126154349726799,1.9181998471269004
4.516516516516517,0.5416917560056249,-0.8303271898946726,-1.7779949847997345,1.7772935098952343
4.54054054054054,-1.6602132711707311,1.3246517428111586,-0.8912370739297707,2.0746035859408845
4.564564564564565,0.44161413754282886,2.2030877103050583,-1.8685347606471405,1.983347317265224
4.588588588588588,-1.5436311763262893,-1.2479800181284881,1.8787894629587925,-1.5405687260327516
4.612612612612613,-1.8135687697874519,0.6092763295391638,-1.7137745498346053,2.1283602878998473
4.636636636636637,-0.8448513617057121,1.1683662417345857,1.6732291870584304,-2.2190958324573313
4.66066066066066,1.424400677144092,1.234704057939007,1.9696396334806665,1.9849181922765387
4.684684684684685,1.0219558772571962,-1.624173850071621,2.0510160909690587,2.2421171198941123
4.708708708708708,0.22228787762435132,-0.9948241082123571,1.1924161526020807,1.8500568555911443
4.732732732732733,0.13976650160062212,2.4022664428669125,-1.0136806666732225,-2.1378212279072404
4.756756756756757,-0.042499859774383655,1.0122432264350323,1.856987248643464,-1.5253867864999928
4.7807807807807805,-1.4451936168491395,-1.5435120075026572,0.8505265452465957,1.6108681877756152
4.804804804804805,-2.291172294690043,-1.114290287136989,-1.5778833709333542,-2.1456595437269383
4.828828828828828,-1.4256077729404444,-0.4182930137268826,-0.8827334874264656,1.91584228014909
4.852852852852853,-1.0985719705517103,-1.4274990495726332,1.2077095801878321,-1.3267031489972871
4.876876876876877,-1.599485770909678,-1.5729733252804032,-1.4134646821168682,-1.930658097964621
4.900900900900901,-2.809535620124081,-2.18843956725439,1.0757950020567535,-2.4814031115619812
4.924924924924925,-0.15167342132588174,-2.1611095070904853,2.0986512325575197,2.498991633022653
4.948948948948949,-0.9733942875898636,1.3400196308073746,-1.5276802177705804,-2.1453786628253217
4.972972972972973,2.378612612077736,-0.8629167526051748,-1.8754994085475911,-1.3558886973408448
4.996996996996997,-1.1111064779106647,-0.8185578837618795,0.8644255303137713,-2.083819559994981
5.021021021021021,-2.0638016289512096,0.7317905658672925,-1.4813440245754304,-1.5520865098938323
5.045045045045045,2.733243836170057,0.7624052309323969,-1.4865138879979614,1.9637294720032443
5.069069069069069,0.6543947273656506,0.9226185284870744,1.5421519324054562,1.5669787625425928
5.093093093093093,0.5259705121724543,-1.4382146633331898,-1.878813373978572,2.0775640924073637
5.117117117117117,0.035419294374771225,-0.6265732957107173,-0.8804941625297491,-2.169100543116297
5.141141141141141,1.971633089763635,-0.4707182042935442,2.080404309574886,-2.122125646188851
5.165165165165165,-1.7719669275581278,-1.8564441568942243,2.1655955660774353,-2.453024639648716
5.1891891891891895,-0.3329266787373169,1.8627119266299708,2.2028920576137065,2.3407108896157354
5.213213213213213,-1.739500135123856,1.7138126722380376,1.6041486503939335,-2.037936331073124
5.237237237237237,0.02735070436556587,1.851778352619128,1.5849607743092033,-1.4591955872098503
5.261261261261261,1.6240904148190185,1.119402001452037,0.7963772426377665,2.5162538392680194
5.285285285285285,1.4611784483865062,2.4909169237945425,1.4753339434562518,1.9450515616478516
5.3093093093093096,1.510658207258101,1.6882364321956458,-0.7702050963471851,1.4902842871479487
5.333333333333333,2.9844263340485924,-0.7901695588080294,1.8538300179846368,-2.3434984810721398
5.357357357357357,2.4153944309281745,1.8612903539073498,2.000565317912252,1.9697448847424397
5.381381381381381,-1.2478583072937877,1.4228798058259127,-1.4968630345910894,-2.1712461459852217
5.405405405405405,2.619552520911781,-1.510322390635171,-1.0601765002748886,2.1292632696094462
5.42942942942943,1.9137912921352538,-2.123521080399586,1.6539429890678878,-1.8869615539725242
5.453453453453453,-0.394266108491535,-1.2852838195820515,1.13773004840082,-1.984322368688557
5.4774774774774775,1.4366112993134528,-0.24881988502164734,-1.0576531562389047,1.9186260226459115
5.501501501501502,-0.2883608467565581,1.5928050855312206,2.428593019698,1.9898886685340702
5.525525525525525,-1.246987093856793,-1.5367987391686333,1.9464709021908913,1.898425818066843
5.54954954954955,0.739367490182724,1.2075829245312377,1.98660864964737,-1.9754632118985025
5.573573573573573,-0.7779542861099558,0.25358750162061056,1.3448568434116557,-2.5678624950613367
5.597597597597598,-2.572824346684263,-0.45526359809268196,1.76428469195271,-1.839738155377671
5.621621621621622,-0.44569364943050627,2.1699750247838225,-2.0903625397823986,-2.1871582708235513
5.645645645645645,-0.6694219641156617,-0.8579561422618246,-1.2944333439199194,2.0370015716280743
5.66966966966967,1.3953604138975764,-0.7189040080749876,-1.3045636270121277,1.993525823166922
5.693693693693693,0.03250786861823237,-1.127279263103397,1.048673839969889,1.8221688816355455
5.717717717717718,-1.4130162459583682,-1.418681560232851,-1.102233723629322,2.2323511587113027
5.741741741741742,-1.780404368301299,0.6299316836406701,0.5179937072123658,1.2756434913343964
5.7657657657657655,2.146504533522324,-0.9464978233369353,-0.9897125309280448,1.9237530595272199
5.78978978978979,-0.235902866126794,1.0613395318679661,-2.012387577123739,1.8273329999867556
5.813813813813813,0.3966439657450334,-0.6048579255006038,0.8225115984228268,1.962739184059545
5.837837837837838,-0.7108163985207101,0.4866674168920143,-0.9227109167758321,-2.1956001086003485
5.861861861861862,3.2256595259249066,1.2415053020961473,1.4677771113486362,-2.029641074995256
5.885885885885886,-1.6023356071227477,1.9931930803844298,1.7414345808491025,-1.4174554584004133
5.90990990990991,-0.5830632596127506,-1.6776754079209273,1.9069930325375373,1.515148354487283
5.933933933933934,-1.4895404470706266,1.5744598050714533,1.7886309841278556,-1.9466103036791438
5.957957957957958,0.6435909620162085,-1.1913132816670706,-0.9500656668062112,1.9044347275507354
5.981981981981982,-1.0862234683852707,0.9080321188997044,2.417766369825357,1.853038098211761
6.006006006006006,0.63876462136549,-0.9197962468081974,-0.4863236088770371,1.9937276241563457
6.03003003003003,-0.29305075787394297,-0.954429440752244,-1.2553893481548422,1.1896209669338476
6.054054054054054,1.8568108869798288,1.2267700679898952,1.2211996085652803,2.3850738633251174
6.078078078078078,0.3540215873391671,0.18178075825217002,-0.7427368492337685,1.6883401159489213
6.102102102102102,1.1906238933608735,0.9970265674701438,2.118239534391447,2.026345756838819
6.126126126126126,0.014370864168636002,-1.3053584560134557,-1.4635045386880896,-1.8674830599462646
6.15015015015015,-1.1434355059635106,0.31075468149278823,1.6927803910495403,1.8999054728292328
6.1741741741741745,-2.0838835136023297,1.2654262008768957,0.8099786253057238,-2.0242345057287014
6.198198198198198,-0.7454175878769925,0.7186480832038079,-0.6051454641847983,1.5853127094509258
6.222222222222222,2.6632732943779067,-1.5209422486031425,-1.877428812998583,-1.8851497692709656
6.246246246246246,0.7806656882958211,-1.3440619766454216,1.9989608652785025,1.7355657264626336
6.27027027027027,-0.7391574540079495,-0.45151324084134936,1.6061917886554462,1.7956882291584295
6.2942942942942945,0.5036336638347225,0.17453134193985811,-0.5205217503561478,-1.3792547074395536
6.318318318318318,-0.6737976011407188,0.6853082548452838,1.5354483307083764,1.1568469010350257
6.342342342342342,0.8658121236244279,1.6533676703877305,-2.004559452582083,1.8435748758275503
6.366366366366366,-1.6417204882407808,1.2805645618918562,1.194406383321408,-1.3112065347286763
6.39039039039039,0.7352173577193533,2.008336002204098,0.6103117634804988,1.8615126352842668
6.414414414414415,-1.3934763857323942,1.459470760426487,-1.6931143332614633,-2.222519986547197
6.438438438438438,1.3269500967913541,1.1674515222652946,1.465187064735469,1.9781964613308627
6.4624624624624625,1.1778972254844908,1.6357520061971547,2.3720627170542743,1.6958164985911501
6.486486486486487,1.6232204317566712,-0.9914250403622056,2.0693413544312222,1.9017390668172003
6.51051051051051,-0.6811717413747805,0.892390609203364,1.9851364789468204,1.9982427747915745
6.534534534534535,0.09304818870199147,-0.9697625275602737,-1.7486734887153343,1.7018842750089236
6.558558558558558,1.487278082252532,-1.8085885254440262,1.2868660931871008,1.9126122899212328
6.5825825825825826,-0.007800538003740917,1.4961391284232126,-1.3404313045368292,1.8340491466175028
6.606606606606607,-2.64657122596697,-1.6446280936043467,1.744564725270479,-1.9785242002584695
6.63063063063063,0.47223670612991775,0.6144402238588046,1.529854844443463,1.905578053977135
6.654654654654655,-0.04566155438298597,-1.8247133984648969,1.9968730109370953,-2.326300388854204
6.678678678678678,0.9408425572809369,1.1203311205804558,1.4872412215036928,-1.5866567256684063
6.702702702702703,0.09002444672566493,1.8995004601206034,1.2950313177844757,-2.536026793948175
6.726726726726727,1.3743656411700567,-2.0053372377940533,1.9867990888976819,-2.008333516635775
6.7507507507507505,1.6866617947778157,2.157591895289795,-0.9424952718782762,-1.8291336621553613
6.774774774774775,0.8143181341716935,1.8523256951309786,-1.8889802274817777,1.6171106435500697
6.798798798798798,1.947621946324835,1.0989038661962536,1.1161816020922208,-1.795222345395833
6.822822822822823,-1.8495517613993082,2.0836943889817707,1.3059517082676018,1.7094663178326948
6.846846846846847,1.294448920117815,2.1080302291104,-2.0310617124262547,-1.9558359102366831
6.870870870870871,2.5023122567624814,-1.7754661628012596,-1.1923468351465651,2.217350545645938
6.894894894894895,-0.6922855989202521,1.5405740701285318,-0.22190300590780354,-1.610821142400006
6.918918918918919,0.08451633955688771,1.589360187539544,1.0977460809968862,-1.91558879662566
6.942942942942943,-0.5659353147247935,0.17886278747155995,1.1838881014265705,-1.5466106196437883
6.966966966966967,0.3457440484477247,1.2860682360006666,1.7232403117349362,-1.140374797529829
6.990990990990991,-0.4762477537643928,-0.7105161894322084,1.1015896638984244,2.2949437629475105
7.015015015015015,-0.1501907628921794,1.526882257288456,-1.5494111799654564,1.321662776530428
7.039039039039039,-0.45334778109364304,2.1578185448692495,-1.0798771119320227,1.2499549298603199
7.063063063063063,-0.4930092872351734,1.6232513338551304,1.6465426098659763,1.834579368990846
7.087087087087087,1.687994150779709,2.2458815247534516,-0.9987071953615105,2.0352577781853527
7.111111111111111,-2.229055454036297,0.43883985960885796,-0.782847927111565,1.1380913216331197
7.135135135135135,-1.5071430904348804,0.36094149500793904,1.587519254615682,-1.818302682476346
7.1591591591591595,-0.706869099463413,0.13054139463837397,-2.203804653616125,2.2930874571649538
7.183183183183183,-1.5395304276778174,0.9945169506743604,1.918114794995476,1.8528539035856473
7.207207207207207,-2.181068341503456,-1.5850095907764483,0.8000015944537177,2.310150878705971
7.231231231231231,2.524569631189311,0.8913494691814753,1.5933825525804821,-1.7470415829862045
7.255255255255255,0.07029018041350618,-1.1991228696246774,-0.8943686903904555,1.3731263921897774
7.2792792792792795,-0.4847441164855616,0.2040744494556126,1.3637650361452984,1.9977554530274395
7.303303303303303,-1.447157711757823,-0.6087133168275997,1.9012259886796254,1.988907877236343
7.327327327327327,0.6302721743058074,-0.34885037756154474,-1.7680419227217476,-2.030397083833583
7.351351351351351,-0.9108691183872739,-0.766360886090905,-0.9904688178507732,2.2661987615584334
7.375375375375375,1.3444421125429749,2.318461018582887,1.6290886137307714,-2.063320594091487
7.3993993993994,-1.4442722500930854,-0.6661068509917654,-1.540140954003222,-1.0433030722791694
7.423423423423423,-1.4626262739298,1.7562880836865673,-1.3539293952299634,2.1454730487751075
7.4474474474474475,-2.2665071409549746,1.2452227155443256,1.9224426797260457,-2.043998595632436
7.471471471471472,0.046651349365555844,-2.436208521318796,1.180632569128367,-1.7863994313632918
7.495495495495495,-3.3032313439703263,2.0212270376400037,1.848790486861144,-2.417286729693854
7.51951951951952,2.3674684910036374,2.209769238545195,2.362104289536912,-1.1492875969540701
7.543543543543543,1.2277310377450361,1.0379234169354794,1.7056557656894387,2.4584802052168837
7.5675675675675675,0.8777767273078768,-1.2442025207707983,1.8482594707508306,-1.2066904932700286
7.591591591591592,0.897465430311862,0.7106666453145838,-1.7706469842512602,-2.1076845229861623
7.615615615615615,-0.24768166160804933,0.9136396541806607,1.4065116845111394,-1.3755200527466862
7.63963963963964,1.8034481533585927,-1.2353933543521507,1.4981646711336616,-2.125951318699597
7.663663663663663,-0.7263071783167193,1.5089606162941438,1.6647126157457826,1.5104938755863169
7.687687687687688,2.3007335328994065,-0.6635242438581697,-1.5268960385328239,1.8087582905614632
7.711711711711712,0.6444890687645077,-1.7255556948509938,-2.0756422303468836,-2.0261911815866456
7.7357357357357355,1.8147499876000397,0.7042026776800246,0.6408623767070866,1.7250207700167681
7.75975975975976,1.429635207210412,0.5096511329049878,-1.068391975461528,1.4038112836571979
7.783783783783783,1.0293382458617928,-1.2206153842387473,2.0382910426489254,-1.828921834308791
7.807807807807808,-2.911535614026981,0.26968178509718416,-1.7248945423768105,-1.6308760648773923
7.831831831831832,2.1405657870250674,-0.642539809838576,-1.691222081991196,-1.9172990609236165
7.8558558558558556,-0.776078852432058,1.012135945495527,-1.2158546541637247,1.8221729624140166
7.87987987987988,1.3499697989451467,0.8628038648878978,1.864076658798248,1.9044604604486506
7.903903903903903,-0.8749458657108898,-0.9277129673990794,-1.767770153220069,1.8787679136294588
7.927927927927928,1.3700137848562162,-2.0597558190879957,-1.726425223553674,1.3681801341995414
7.951951951951952,0.5982005808673162,-0.555371442830569,-1.2927899573359964,1.9013437303071514
7.975975975975976,0.43848142741572765,-1.8344058609445495,-0.7868520823629103,0.9403304620002872
8.0,-2.3640556491000213,-0.3650918171093492,-1.2933786211681089,-2.4124971804550217
8.024024024024024,-0.3318424528930861,1.136715299404884,-1.1683975546405783,-1.820191083816616
8.048048048048049,1.6474533466379753,-0.152406158314961,-1.1730371509549937,1.8811472516655576
8.072072072072071,1.1839564842322676,2.455800595938568,-1.0491721817729132,-2.0408156923094745
8.096096096096096,-1.5914891421829405,0.7441525768928987,1.7292209066848172,1.8686989604036666
8.12012012012012,1.4284536397913083,0.8282170947717195,1.3902060496741686,-1.7958575482281198
8.144144144144144,-1.02696425462735,2.2048048749731386,-1.7560996402364255,2.140225184101766
8.168168168168169,0.49543347320526926,-1.527975301758394,1.7423130325581628,-2.353076625900849
8.192192192192191,1.06055485828134,2.168396201141598,-2.2146208155460156,-1.7239046208830486
8.216216216216216,-0.186208084244205,1.3404155868911694,0.5111523466257553,-2.2078292414254292
8.24024024024024,0.02460844566170974,0.948702243341788,1.8325745438843541,1.4868299726835397
8.264264264264265,-3.0080755657108753,1.0041488705169594,0.6963262983444903,1.7239424297872274
8.288288288288289,1.6040094219997902,1.7424154532841327,1.4446195253436307,-1.970441348740263
8.312312312312311,-0.6958663058799694,-1.7473802626007395,-1.8409872150874358,2.3064963908760396
8.336336336336336,0.5886546297602671,2.172437631550144,1.162193137677525,-1.8598995594678516
8.36036036036036,0.2941940086588315,0.7671495352156213,1.851418254354399,1.8763566085430916
8.384384384384385,-3.4905750179889776,1.7810931104702061,-1.4986280152894222,1.78955926237539
8.408408408408409,2.2714058379237514,-0.37979332090003265,0.35682552505654347,1.7782294617377088
8.432432432432432,-1.7320079029832733,1.6756645880160266,2.027035349844788,-1.9023181888748908
8.456456456456456,-0.8290791989569066,1.7441420019955378,1.867567809801534,1.9541361651931675
8.48048048048048,-0.37245861467467006,2.351253507994057,-1.7380557205577083,1.2957684894362418
8.504504504504505,1.6740841149081696,-0.9197389043601971,-1.5177488140377906,1.3041307962975976
8.528528528528529,-0.6319349946408855,-1.81349118585541,1.9657193553013481,-2.4375831272941957
8.552552552552552,-0.5648588942796556,-1.2578148718389,-2.257345678679957,2.3850086483337707
8.576576576576576,-0.6479621620030819,-1.8894403381105358,1.8469160278866368,-2.239907656714243
8.6006006006006,-1.3368012354850702,-0.8032415152769437,1.0311749946216795,-1.3995042703139617
8.624624624624625,-1.9379056281896738,0.7237545222668157,-1.0006105642026069,1.9222028263370003
8.64864864864865,-0.2167232823677144,1.7752868403838322,2.193224677203863,2.369950208936255
8.672672672672672,-1.9629387435312788,0.5828403637257744,0.7246146835932339,-1.5657743086547984
8.696696696696696,0.5316823931051604,-0.9150901425259309,2.748375526765641,-2.0150939041020055
8.72072072072072,-1.708204598557952,1.8471593387095298,2.018956780112976,2.173786930900719
8.744744744744745,-0.43878300042827467,1.789312436802711,-1.1032003116343234,-1.5626621340793656
8.76876876876877,2.2918979487955156,-0.5240005106047568,-0.8069034764787825,1.9836299270884026
8.792792792792794,1.9501644824003888,1.6978535504201608,-1.763684873230543,1.2836164841554043
8.816816816816816,-0.8892860113561455,-1.2057871166161314,2.2001411581447448,1.3697877733606867
8.84084084084084,-2.2224132213478045,0.667713854261894,1.7415314980788013,2.2953749124106535
8.864864864864865,-0.3069364394552341,-1.790419514236613,-2.4178494013269396,1.9188295414990821
8.88888888888889,2.374201736950579,-0.12020138809918489,1.2780478290899935,1.3848538806899071
8.912912912912914,-1.5283638145857317,-0.8228355368978139,1.6638939668782555,-1.7630793498715795
8.936936936936936,1.6506820562686466,1.9656812578041403,-1.9312673397133095,1.9454707927601131
8.96096096096096,1.3952286174567252,1.1370108017346745,-1.1500592972271062,-1.473599551007994
8.984984984984985,2.2965771628131026,2.132511925644828,1.4207687644805052,1.7414977656454325
9.00900900900901,0.9722057119082894,-0.9847103245336005,-1.2130001532138017,-1.9974957477533946
9.033033033033034,-0.07045683942610165,1.2716038620731014,-1.822947447696535,2.2608687421153504
9.057057057057056,0.22304123413655907,0.44974417966027064,-1.5104859951378202,-1.7563986390868083
9.08108108108108,0.5873385587318688,1.4277450927898137,1.4451066487048447,2.321077923846116
9.105105105105105,0.3084222812767072,2.5843511486829,-1.7001162168869637,-1.7271289694085337
9.12912912912913,-1.5796300699389587,0.7266205031686942,1.8377585690792833,-1.338298176822368
9.153153153153154,0.29737184089601115,0.7103813827297011,0.9852956890451715,-1.9803965249378486
9.177177177177176,-0.2710566735330019,-0.18946754734484553,-0.9497088722783893,1.3723766354642504
9.2012012012012,0.6229600118620071,-1.0265621589272402,0.7077733729137523,1.4476844262841182
9.225225225225225,-0.6958807426379867,-1.2856401078173263,-1.6397502148713075,-2.2809245357405286
9.24924924924925,-0.09399153050504895,1.8687032193678863,-0.6445687506078805,2.020318973957963
9.273273273273274,3.106486357512273,-0.6889983881969516,1.260520029656271,-2.025388212101913
9.297297297297296,-1.0834322908869185,-0.8117589305546091,0.6869191097724258,-2.392370020925486
9.32132132132132,1.8567304882032316,-0.8048883617188634,-1.7443399618324993,1.4545535777274405
9.345345345345345,-1.816057239482691,-1.3795474678671764,-1.593057077961124,1.089073024883439
9.36936936936937,0.41469727293004904,0.7305848880826182,1.1618303319322105,-1.5309578877422245
9.393393393393394,1.0324182519031813,-0.6935394081274934,2.0691830939210734,-1.611082288117071
9.417417417417417,-0.35520322638158525,-0.6862716612931993,-1.6410565813440894,-1.6389793155680166
9.441441441441441,0.8970156259018466,1.4504046890205597,-0.5875575593731859,1.3289463811991542
9.465465465465465,-0.4806352617718588,0.174403524756939,-2.117946093480235,-1.4710273807841714
9.48948948948949,2.165471133823332,1.286414132421271,-1.8142757008989068,-2.4312704960282114
9.513513513513514,-0.8479016124864098,-1.7730870274216253,-1.4239692957816525,-2.0087814537839286
9.537537537537537,-1.4162891292904751,-0.5318278710302149,-1.870779806946437,-2.255367854442614
9.561561561561561,-1.748338326044821,2.2800400644552146,1.8160117650752456,-2.4340692264633716
9.585585585585585,-1.4223106715813618,-1.3254395201892006,-0.8826830714815879,1.443890721523381
9.60960960960961,0.35912667091916084,1.6338200739426947,-0.5043105019469762,-1.7901981082845297
9.633633633633634,0.534318670482117,0.5293151938745772,2.273483084317522,1.2791959393465189
9.657657657657657,1.2277616364207846,0.18332863239097857,1.4360686995567762,2.0495046575038565
9.681681681681681,-0.7727681543011989,-1.2492032952588459,-1.7234430607646902,2.1228705647479553
9.705705705705705,2.00564618186517,-1.7579658642952556,-1.5712733642932637,-1.991727720014235
9.72972972972973,1.7706034206583503,0.9677482138208711,2.180889814571677,2.1063998091575926
9.753753753753754,0.4527545295938159,0.6379457142428941,-2.1929621522988247,1.9813872396572945
9.777777777777779,-2.531613585108166,-0.7544504482093232,2.2033817479360924,-2.0805805359091414
9.801801801801801,-1.8179643793919424,-0.23638415586106656,2.0216680913967275,1.7833300039301312
9.825825825825826,1.005002461105879,-1.06151000354162,-2.4195357929936248,2.134364166676976
9.84984984984985,1.2108090172624604,-0.8846306404641036,1.804844392770751,2.176548643174698
9.873873873873874,-0.387646443699847,0.8088365133948437,1.1142098096202593,1.5729734353243496
9.897897897897899,0.7010997457234718,-1.926880844321538,2.4003953332583876,1.4777846948925684
9.921921921921921,-0.1722019203806385,-1.3895897176595695,-1.8340797162259195,-2.482913890854164
9.945945945945946,1.8612834099370663,-0.48945208856091865,-0.7857024147487169,1.5621243027978908
9.96996996996997,1.9860882562401287,-1.5594067850186073,1.840727686816944,1.5149888323996787
9.993993993993994,0.34701814533230446,2.0850233184845353,1.006859614918449,-1.2800259015969933
10.018018018018019,-1.9018130499676802,1.1861238754552874,-0.9565219834392665,1.5163677476752777
10.042042042042041,-1.826531601503805,-1.3548437093636754,2.0887896786100226,2.3458772149974645
10.066066066066066,2.674403571021969,0.586595438194216,1.7568715506250308,-2.30729771800176
10.09009009009009,-0.916643561219796,-1.2860276728881173,-0.5782215757902887,-1.8746111654436666
10.114114114114114,-0.09075177384120547,-1.9385890948333258,2.2076702167045315,1.671311800624349
10.138138138138139,-1.5916439920940504,-0.7995428446769711,2.165466226636428,-1.561207205474179
10.162162162162161,-0.8906749418511614,-0.363536100522006,2.199043115633987,-1.6676961397429677
10.186186186186186,0.6612240579220192,-1.9123071063951516,2.0249749556686703,-1.7430191590606852
10.21021021021021,0.6221731204617126,1.8353043343861077,0.9274085027353345,-1.9291173056208437
10.234234234234235,0.5189269730448269,1.3791908766632102,-1.5331005864270035,-1.4237873032334543
10.258258258258259,1.6594864620769822,-0.4521304442077849,0.7751727142491706,-1.7420089988201417
10.282282282282281,-3.8825272602795113,1.0564448620913034,1.227408893368938,-1.7491954128397524
10.306306306306306,-1.0374191622583882,0.6275208122758341,1.6322878594176866,-1.8359200379557774
10.33033033033033,1.2959835139826414,1.9040752066403372,1.778477671922024,-1.4055122353580585
10.354354354354355,-1.648626462544634,2.623696735976592,-1.5192949955422728,-2.1823297139806814
10.378378378378379,-0.9979960622764075,-0.987507055679675,1.469259663764344,2.063309768869719
10.402402402402402,-0.7079195712973629,-1.4950718363013564,1.65495671684911,-1.1632442264020775
10.426426426426426,-0.09892075768805146,-0.6694901002895352,-1.288026356502602,-2.088383030627288
10.45045045045045,0.8894443005495062,2.3815576447550835,1.1171165670526273,-1.4356073958120001
10.474474474474475,-0.6981222866158074,2.372193725078853,1.3471425056348887,2.234648402707826
10.498498498498499,0.3266484659161467,2.4728280317095974,2.1603691741493094,1.3407357425168889
10.522522522522522,-0.8976738451116555,1.5297372431297436,-1.9779380404471374,-1.3461864974651834
10.546546546546546,-1.0800429084104077,-1.482558543875097,1.433590331613101,-1.4196785786268862
10.57057057057057,2.1058313537594167,-1.4220552301979692,1.4545610158602464,-1.888260609529213
10.594594594594595,-1.2946647925523453,1.9235445054690223,-0.9419571314517678,-2.4427696628386113
10.618618618618619,0.8484519600911088,1.2398599265761847,-1.4901371738793059,-1.6918497124016514
10.642642642642642,0.25762155545117194,-0.5873106858335991,-1.7719558824185289,-1.3028335687144257
10.666666666666666,1.4725708484454594,-1.042845161277692,-1.5360079187102125,1.9927989876698768
10.69069069069069,-2.071733979174288,-0.5058278607735526,2.036470238361876,-1.993317354808697
10.714714714714715,-0.9622277354555625,-1.1379508376951173,1.4946269624719182,-1.4594411441914827
10.73873873873874,-1.3999202980029266,0.24933862092269204,-0.48038618139167244,1.759047042772204
10.762762762762762,0.0918389904702044,1.6254652027262628,1.8619554378747776,2.166225725758793
10.786786786786786,-0.7608799226891387,-0.28210504070881043,-1.3682035545205598,1.9068492039546243
10.81081081081081,-0.07179208024080592,0.910140296687442,-0.9264595372632811,2.019413155728626
10.834834834834835,1.361044450860447,-0.9876725563440972,-0.9753954780152956,-1.753586882376223
10.85885885885886,0.9878433566401842,-0.3859744852782775,-1.4878701748325414,-1.8391979084609102
10.882882882882884,-1.0783439239915784,1.1295109091971696,1.0302877878565937,-2.1754276808540607
10.906906906906906,2.6907968409528853,-1.1788212543727288,1.299178321349915,1.768044622428583
10.93093093093093,0.05592770380680437,1.3557877664649414,-1.5515508548904076,1.319555134064328
10.954954954954955,-2.395138733926789,-1.7509140957386602,1.7572270394522662,1.73442739526647
10.97897897897898,2.226115089725444,1.0785384866940544,-0.8775469814311444,1.8763665127983589
11.003003003003004,0.9930667754009678,1.4229490280429522,-1.433420572755797,-1.7912058381466784
11.027027027027026,-3.6521871199250175,1.8855492411787371,0.9143461264294426,1.8227317111622199
11.05105105105105,-2.1015081362142283,-1.9109686603556062,-1.2027175104070054,-1.541970647652333
11.075075075075075,1.6025042107990377,-1.5357323730171104,-1.831080316149866,-1.9210010237313633
11.0990990990991,0.1653575746593607,-2.0233475286599907,-2.1659258102014363,-1.499616101889606
11.123123123123124,2.6882600831378474,-1.1103579080316077,0.9772216016622828,2.1595787518576013
11.147147147147146,0.05695820757018167,-1.280466587679423,1.171708163753635,2.1835423091368944
11.17117117117117,-1.639409382577949,-1.0146655411030876,-2.1043113613906765,1.8028544103735682
11.195195195195195,1.123483535129813,2.087639877294234,0.9178747227336093,-1.8247318928161946
11.21921921921922,-0.5990987573054639,1.0776186573384845,1.3437037010483115,2.1674933115713966
11.243243243243244,0.4042071152272376,-0.33857835503904016,-1.230688032278055,2.3779529814017275
11.267267267267266,-1.3243422401485545,0.8324848541488887,1.8279550796025326,-2.372408619670943
11.29129129129129,2.0564880931797664,-0.7414671913257427,-1.4091727827288865,1.6485638760090267
11.315315315315315,-0.31095636287402295,-1.5081208109345523,2.2741652928583065,-1.691854565244633
11.33933933933934,-1.880039642857482,-2.2715055593409246,-1.7389460382847683,-1.9787245639465123
11.363363363363364,0.10033075181988996,1.1322634495238524,1.3614112137878718,-2.1492273982936583
11.387387387387387,-2.0154830165726736,2.187735730513311,1.0343651619102294,-2.0733616061121998
11.411411411411411,-0.49808165194028375,-0.37572444134994104,1.370351274190173,-1.2827078359465494
11.435435435435435,-0.6582439389162756,-1.2702033762999667,1.4271233672377521,-2.0980472740896947
11.45945945945946,-1.2116595516271536,1.0036663463084727,1.708037972761793,2.21679248567792
11.483483483483484,-0.6970305484173573,-0.7179820838265236,-1.3369935135387023,2.44933292957876
11.507507507507507,-0.06864048896068717,1.6015252202329568,-1.5505428545449909,1.8205434957825262
11.531531531531531,-0.18471215089486387,0.3427422218398593,-1.4179402243919395,-2.0640898761741724
11.555555555555555,0.9766624370753672,-1.1950958802587643,1.6408118205793276,-1.7599928593904293
11.57957957957958,-0.9294054751159052,-1.165396964998352,-0.8594258288689752,1.7292652875241397
11.603603603603604,-1.3576694636761373,-1.2677369184134137,-1.7465244509454902,-1.8608131862531319
11.627627627627627,-0.12493052331718317,-0.7714583353147964,-1.8632194193264318,-1.6869321331154354
11.651651651651651,2.134462633406669,-0.484065407401405,0.6393381173626205,-1.8489185854550287
11.675675675675675,2.355978113949507,-1.42596235980469,-1.009161023603351,2.1162475615323113
11.6996996996997,2.429319528020289,1.2528611566440233,2.314184942823861,-1.62431905828772
11.723723723723724,0.7131628591954497,-0.7255235908687387,-1.5557712554240546,-1.6104538728283995
11.747747747747747,-0.08524131581837083,-1.5768975306620607,-1.6600979247255323,-2.044022511941378
11.771771771771771,-0.30938097796543174,-1.219651710359278,1.8206014996268358,1.6107406251441105
11.795795795795796,-0.49164436948553164,-0.47178884289806655,-2.103929003690819,-2.0111405266515905
11.81981981981982,0.9086580960884288,-0.36915982702223776,2.4117249748150367,-1.0000848671689546
11.843843843843844,-0.5631533494711048,-1.2830950881838092,1.8233654689282113,-2.482786815713052
11.867867867867869,0.20295788778897478,-1.3903345845249162,-1.576132853266648,-1.603607065137043
11.891891891891891,-1.0724365246556171,0.711846306870876,-1.6622819555958501,-1.9934218730387212
11.915915915915916,-1.0632879139011941,-1.328697856192125,1.7379485815126117,2.0189506948164446
11.93993993993994,-1.9220259020449242,-1.4409242017547188,2.10883130476023,-2.217341301628055
11.963963963963964,2.8370835004442716,1.7070901446219975,1.6635578665195347,-2.122004670240508
11.987987987987989,0.12606069103243212,1.1909947614955803,1.9025975005432814,2.4327038227702382
12.012012012012011,-3.084294975012264,1.6322660539627798,1.547584921068913,-2.0228976565616805
12.036036036036036,0.728980231260071,-2.5664026482597566,0.9711767714746866,-1.804702071356384
12.06006006006006,-1.65340348261868,-1.454617925928026,1.4974236874963875,2.015967076142009
12.084084084084084,0.08878117770621786,-0.47489405275190416,-2.3771394540834625,-2.1763475867293054
12.108108108108109,-1.6005028466877649,-1.2768062180308277,-1.483310144871916,-1.2491623514579357
12.132132132132131,-0.006350044069663908,1.6445290585124976,-1.1542643253947138,2.1482640903332713
12.156156156156156,0.1016830600984899,-1.987276850312399,1.0558251417893205,1.8324438587297502
12.18018018018018,0.04336640984657284,-1.3806180237998518,1.4780346607085642,1.5963709267503137
12.204204204204204,-1.2046253917967051,-1.8311767682317395,-0.9133119727443948,-2.3890354752327534
12.228228228228229,-2.021813176322728,0.39648877462679427,1.063188202089968,-1.3901852680329352
12.252252252252251,1.847043358729708,2.0825186621855827,-1.6260119960851092,-1.984666977484603
12.276276276276276,-2.4459340956188442,0.3003058507554989,-1.5406724212822682,1.9650315120654458
12.3003003003003,0.7083702749470917,1.8806097199288907,2.1085532013291455,2.2171422891426813
12.324324324324325,2.534679361046122,-0.945600945473638,-2.573474611856907,2.364484030675679
12.348348348348349,0.39237238451383816,-0.8966917300080968,1.6925258317076488,-1.836011631251434
12.372372372372372,-2.337258771331657,2.504200378791178,-0.9559888159145318,-1.8940211995807235
12.396396396396396,-0.046279622980509104,-3.020848280137761,2.184903737470066,-2.0211536130838605
12.42042042042042,0.5090039660945579,-1.2650724779740077,1.340479451650643,1.4862172028351779
12.444444444444445,1.0791726854511139,-1.4550878869645787,1.2646974701030087,-1.4364818633496705
12.468468468468469,1.4150092066842586,-1.1555031204011663,1.791360877450622,-1.8990220765308399
12.492492492492492,0.516998195818286,1.315767968016058,-1.2279976184550756,1.5513652842592074
12.516516516516516,-1.0999814535097998,2.0280124816446583,1.5925745236121722,1.9675658655160924
12.54054054054054,-1.0567594538338854,-0.6641239601577935,1.9822950841374882,-1.9914507958707146
12.564564564564565,3.1720604091883287,-0.990489172660612,1.1795433559176796,-2.0065494436681264
12.588588588588589,1.1482641562532558,1.1968464749749375,-1.546755379475363,-1.9704311405533592
12.612612612612612,0.17668578090457468,-1.5218302843470952,-1.893614978332534,-1.916294552099901
12.636636636636636,-1.360444523188352,1.2398349985363177,1.7134117148800336,-1.8558142591698925
12.66066066066066,-2.2444555229441203,1.387945936540371,-1.4130847962024236,1.992981400705078
12.684684684684685,-1.0525524958323214,0.8702876781233573,2.06697116694323,1.4482652190252392
12.70870870870871,0.19862028533829224,-1.201503339590157,-1.9134086236769363,1.9628490319982619
12.732732732732732,-0.3565969178076805,-1.5127211281546795,-1.1781341244452517,-1.6362111559079875
12.756756756756756,-1.3759646057991133,-1.3576637681350068,2.171336301533164,1.1572170448262011
12.78078078078078,-0.11340611162484253,-1.6481751102245097,1.917522129460436,-2.2886108791687674
12.804804804804805,1.8888273658287964,0.8436797714929795,-2.212277788306887,2.302654012073424
12.82882882882883,0.7329485785046223,-1.3278548454142118,1.0463188215541774,2.021425606099934
12.852852852852854,1.1324987060522296,-1.4889474970127383,1.8777204487836245,-1.6243701161940158
12.876876876876876,0.49799813701699314,-1.9213782269334765,2.3475688513494384,-1.8333203847953101
12.9009009009009,1.7574384357362653,1.7172461040017615,-1.0239615776702469,1.9940191313216387
12.924924924924925,0.7129283625350024,1.6222778284376962,1.9142741400931045,-1.597477575531866
12.94894894894895,-2.8315199387398318,-0.6514186090517095,1.0374386526014767,-2.507509458977205
12.972972972972974,1.7946225789601167,-1.1244115714046468,-2.091209143758357,-1.9187924213120724
12.996996996996996,-2.03824145011501,-1.2179527733702742,-1.4819094329217097,1.8531802126654762
13.02102102102102,0.16640314695870564,1.0232987345397109,0.8564123073660082,-1.534377810303685
13.045045045045045,1.2669677651282312,-1.7758215064061504,1.2477148221775103,-2.0295221374145345
13.06906906906907,-2.459532642840247,-1.2133925341513883,1.1671679289783647,2.2798107991187457
13.093093093093094,-0.29639312074532426,1.8554002670391097,1.7987983298964956,2.2544441311757732
13.117117117117116,-2.5708485126761227,-0.9892146175296467,1.0147633171921027,2.263995239688501
13.14114114114114,0.5627446235807995,-1.4555495530865832,1.5762166886777464,-2.4507395422979
13.165165165165165,-1.18751961367312,1.7618802312874808,1.4754003527719113,-2.0494618522991193
13.18918918918919,-0.10151391615682918,1.429930169461766,-1.8149492935981106,1.9426555866338326
13.213213213213214,0.6684613789992664,-1.8931448851922905,-1.5445730636305162,-1.678706609600179
13.237237237237236,1.8349041639680215,0.9405217959379901,-1.989215014735826,-1.5970765516222236
13.26126126126126,-3.0979563904849723,1.0156089141872717,1.9382393881237385,-1.9904873994371897
13.285285285285285,-2.048964463451295,-0.17961829383735456,-1.2833209650073714,1.9276620310344312
13.30930930930931,1.5013548719388987,0.03078705066284403,1.1001691676177463,-1.9085666564953092
13.333333333333334,-1.3599807091938894,-1.0203854400938681,1.7094158659292524,1.9551391826929327
13.357357357357357,0.22821246244117,-0.8936806375482875,1.532013033142132,1.4958730343196875
13.381381381381381,-1.0197300160271647,-1.1248414659177963,1.5454435440764656,1.8974910811440044
13.405405405405405,-1.326102318632047,1.0211355657659589,0.7295297382601169,2.1446355524212453
13.42942942942943,0.8977395264515989,-1.2154720790242468,1.9762804277558006,1.8816901318455863
13.453453453453454,-2.14668821630143,-0.8745658452626658,-2.1163845499609666,1.6313777589583411
13.477477477477477,-1.4262665109898192,0.8630466212739208,-1.0849785071856526,1.79893051182429
13.501501501501501,-2.6402691983915627,-0.3249133724796886,-1.2066883125652277,-1.7220670647060405
13.525525525525525,-1.117036329423469,0.45576890482065097,-1.4813233996529018,1.283402817281755
13.54954954954955,-1.0571950500140836,-1.4418752496016385,1.5069566479697911,-2.0442774573494096
13.573573573573574,1.3936332372912767,-0.4571852774582746,-1.5178115632237543,-1.7440637107356154
13.597597597597597,0.4288151865739675,1.0115696577297801,0.8658234201027252,-1.677679041604215
13.621621621621621,2.803517194953084,1.0271132311611815,-1.0693199264723228,-2.039152602499835
13.645645645645645,0.3874742750229104,1.255527600011288,-0.44940078994866756,-2.065190397817461
13.66966966966967,0.7044062922553076,-2.5874009462706344,-1.212953600080775,-2.31197359703299
13.693693693693694,2.612526309859197,-1.7796390915629101,2.134127725934949,-1.9598456405889622
13.717717717717717,0.1936238451496626,-0.618043182752798,1.6024928852819464,1.8307271531203078
13.741741741741741,-0.447260911690113,0.9832041698972634,1.4775298610751137,2.337613188784527
13.765765765765765,-0.7554945325981531,1.3344338195483265,1.1229713628423315,1.3478820033350123
13.78978978978979,1.0297597963857776,-1.5680797006617624,-1.3054813036001567,2.0893964283650197
13.813813813813814,0.49728813601981386,0.7444640270007358,-1.1881283051211826,2.158236694765866
13.837837837837839,0.47707359541920624,0.7903400680073334,-1.408141227651539,1.8597126738710368
13.861861861861861,2.072895378781807,-0.8878865376752028,1.3794751180309741,-1.790451049958503
13.885885885885886,-1.8749414633377812,2.2162123252717802,2.014458626958005,-1.9591864203523137
13.90990990990991,-0.06312166945853728,-1.5389942012224105,-0.5545475391120573,1.7103202436005516
13.933933933933934,1.2967018477637133,1.0903509453878673,-1.0977026727597712,2.287085299071951
13.957957957957959,-2.603493215577591,-0.3313663208915891,-0.7074855634720605,2.4186511450573107
13.981981981981981,0.4522806612217827,0.7140083933111563,-1.3486661996535154,-1.795002998257998
14.006006006006006,2.4957894790493342,0.5493408557418659,-1.0392191518135103,1.471763416720561
14.03003003003003,3.415309115231585,-0.5578267505695137,1.7385150251065942,-2.0737410752311427
14.054054054054054,0.3111742839680468,1.275162686900307,-1.7319882682103451,2.1588640431004307
14.078078078078079,0.9643023166333063,-0.7351447690235088,1.5141136707173435,2.3072484582020847
14.102102102102101,-0.09323574668374668,1.512472790741967,1.630687906123622,2.090394178789024
14.126126126126126,1.312031644778867,2.4449415422251963,0.36770563999136463,-2.4822478521001416
14.15015015015015,1.8558981349878365,0.6780736027999278,-1.41468239704443,2.264379841614689
14.174174174174174,-0.9941121153085581,-2.5112551777804217,1.3532567239119662,1.870923194131082
14.198198198198199,3.467207112599878,0.8820888560994462,-1.1813253986429564,1.8679248663688017
14.222222222222221,-0.8556962403159515,-0.35843095991435514,-1.3823118370393324,-2.1569456799229068
14.246246246246246,-0.7354749584620647,-1.2192392822529927,-1.1561110468720999,2.3179696535362084
14.27027027027027,0.8862625604688047,1.701211546986816,-1.949508956960595,-1.7273673933001452
14.294294294294295,2.1873129564450746,-1.6715086548351272,-1.7782686496340256,2.047432432330624
14.318318318318319,1.2830563072072674,-0.5240465594979021,2.0514658066408513,-1.6194576713233813
14.342342342342342,2.4263353455264816,-0.36543512511443493,-1.003914049737022,-1.2485673808749296
14.366366366366366,-0.8796178128904973,-0.542635464986605,-1.5678467997275354,1.8599787105475076
14.39039039039039,1.0371987911706206,-2.0723670070414273,-1.4056591918389,-1.936714156589223
14.414414414414415,1.7624702656819646,-0.6903790073949754,-2.264058036550944,2.326378355928502
14.438438438438439,2.3099221485963546,-1.2396548833504715,-2.1061299237980586,1.777978507304141
14.462462462462462,1.9430950810992726,2.1991345233279054,-1.3275410430293786,-2.0495996626785526
14.486486486486486,-0.8869713104034391,-0.9355174374200991,-1.629782852621772,2.4418631897672847
14.51051051051051,0.1899175093288549,-1.4554963965204353,-1.7773057679642288,-2.250944906382341
14.534534534534535,0.5068440847970064,-1.4824692299482478,-0.8651100460716491,-2.220637033450838
14.558558558558559,1.0963064685306771,-1.1269096452681515,1.4070979660647278,2.15117506334128
14.582582582582582,-1.9092395330505747,2.6033293303450806,1.1742632578871235,-1.7677567797420397
14.606606606606606,2.906528726297601,-2.0211765061064813,-1.6450352750856516,2.185257910824105
14.63063063063063,-0.24539178643771717,-0.8069495988730332,-1.720405482699951,-2.4821232573151217
14.654654654654655,-0.5012409616063929,0.7333095527268872,1.36435630744326,1.4662052473987897
14.67867867867868,-1.141997332332556,2.2358529209187954,0.8051836373739178,-1.58303410635088
14.702702702702702,2.5026893650879036,1.0501849643648347,-0.6217772030403351,2.2399666988616156
14.726726726726726,-0.5542133577104797,-1.371717431458799,1.9059085999293688,-2.516288646761487
14.75075075075075,-1.0005788332139753,-0.8110971352990376,1.0267820822846434,1.8234484219722737
14.774774774774775,2.189701993992034,1.7956601653061712,2.25898560403656,1.5763691069131112
14.7987987987988,-1.8635972008796404,-0.912571280552747,2.091513335010933,-2.2130456537284897
14.822822822822822,1.618256775951183,-2.1971606916755118,-2.0754432366636495,2.2633862104476195
14.846846846846846,1.2386181291878053,-1.681933924611289,-1.9540344226812394,-1.9608437902371025
14.87087087087087,-0.012902729997943636,1.7917267949157534,1.8973570723164404,-2.1912034459060936
14.894894894894895,1.212302829830301,-0.8996754700084122,0.5789979259105055,2.2412518803744077
14.91891891891892,-0.6528652272346906,-1.831713529892848,0.7612960178117396,-1.800676722748586
14.942942942942944,2.4200580466554085,1.3623124582065833,-1.040470269395714,-2.3445047153406726
14.966966966966966,-1.5604697814568391,2.248433614172564,1.2876707272590446,-1.7588036214110871
14.99099099099099,2.4812355832172015,0.9564742425898841,-1.6449132945581053,-1.6470431696862704
15.015015015015015,1.036059891259513,-2.5223516067836917,-1.0840839300730631,-1.63394384325939
15.03903903903904,-0.16960313645675137,-1.689388134750043,-2.0247215960360525,-2.118306365301527
15.063063063063064,0.5404255887531951,-1.4384102330123751,1.1943272560657578,-1.906270869188519
15.087087087087086,0.4089306175972513,1.1185933397460517,0.8703164921510839,-1.8400870050055402
15.11111111111111,0.9277326468737377,1.4579118444856158,-2.4660326773275525,-1.7070890600611515
15.135135135135135,-1.7881956519265867,0.524307944171977,1.47669978285639,-1.4743223227299045
15.15915915915916,-0.09862760849575576,1.5430683876331497,1.76350223592284,2.1386956601026044
15.183183183183184,-1.5903761976833395,1.3475073424963744,-0.7094935670529736,2.086336550347957
15.207207207207206,0.337571607290693,-1.1563301724898725,1.7580906456934786,-1.4107381392536529
15.23123123123123,-1.2599282092976116,2.1211661531154933,-2.1193012297662825,-1.909274698123201
15.255255255255255,-1.9989796716729908,-1.9181578608267966,-1.69834308147011,1.7128739599457163
15.27927927927928,0.16440633196077106,-1.5337327419553937,-2.3945528477378897,1.9717019322730642
15.303303303303304,0.20618573949923133,2.034789002341595,1.6176612158275383,-1.986764713307652
15.327327327327327,-2.462876960685592,0.8929862268290639,1.372546739615076,1.7143203718271116
15.35135135135135,-0.04160714979093453,1.354435965136278,1.9465872417595986,-1.9321696499296235
15.375375375375375,0.01974113733861247,-1.7498203147101652,2.1988676632103656,-1.7285494769697787
15.3993993993994,2.916553602436312,0.17763862715106155,-1.5469551646572925,-1.7483658068864876
15.423423423423424,0.06944759985959974,-0.776430571413959,-1.661699438345616,-2.112393282908104
15.447447447447447,-0.6616505467810381,1.7535702077521211,-0.8535907543381588,-1.111709774806479
15.471471471471471,2.1982194470677445,-1.5425068885700302,-0.9789209201419824,1.7994949435949052
15.495495495495495,0.8263549721642913,-1.1891120412735794,-2.262415948714342,-1.8082385660290548
15.51951951951952,-0.4342361009259205,-0.885725893915793,2.2255299761424965,2.0211586651524045
15.543543543543544,-2.321574990152172,-0.8941756894002107,2.024014514530132,2.100190297366185
15.567567567567567,2.096974169577913,1.0038507795582416,2.2943480916811736,-1.2672392963498926
15.591591591591591,-0.37866581032622143,-0.7244633734134803,-1.616987971854446,2.1816537192824796
15.615615615615615,2.3645683244560103,1.1016340128774826,-1.9930023469755003,1.8858671976346904
15.63963963963964,1.3020763144499492,0.720510120512811,-0.8311290942326915,2.2953489252237165
15.663663663663664,-0.17112356854024055,-0.3364196259535827,-1.2632145831799557,1.699489362422887
15.687687687687687,-1.5009282901226133,2.2100357358165783,-1.6363737481506524,-2.0022874731263363
15.711711711711711,1.3065311062121174,0.5070252356771308,1.5106971139024488,2.2687217877268013
15.735735735735735,0.9894403979091511,1.5824255688591133,-1.5108290935497588,2.0892253847165985
15.75975975975976,-0.03907689992640473,-1.6960501583729022,1.7914241867247551,2.012195718684965
15.783783783783784,-0.5491255817785456,1.6335360589538541,1.0745279277649948,-2.2570460267762633
15.807807807807807,1.1053546166810246,-2.1594264650129436,-1.6031419037055357,1.853695228531203
15.831831831831831,0.8946670584302789,0.921576385126086,-1.7716067963582904,1.688301843850099
15.855855855855856,0.8910216655640671,-1.8855102168893365,-1.483890861156197,1.7757658176924824
15.87987987987988,1.0269960337699455,-0.3962653596049397,-1.8743572304655123,2.157596697688797
15.903903903903904,1.7328588235192834,-1.994173723105827,1.8639486453988148,1.8890623945409104
15.927927927927929,-1.051906557030415,-0.6737323347249747,1.686113122684892,-1.706892418680861
15.951951951951951,1.7504940091731163,-1.1884443911881282,-1.9371845799356537,-1.8563624403385757
15.975975975975976,0.8049743673670823,-1.2957289521259954,-2.181925577284821,1.3828517187766254
16.0,-1.426360387164969,-1.4078601974799128,-1.9484854428147422,-1.9864166966103187
16.024024024024023,-0.21949954487856535,0.7656702873802297,-1.4376029663629226,1.6868653179379134
16.04804804804805,-0.5152018936425959,0.5609196311268096,1.7319015589922013,1.8353628967681879
16.07207207207207,1.8353778142391939,1.297331322996229,1.4644952800508397,-1.2781753000062157
16.096096096096097,2.4175241788822768,1.9456753563693177,-0.7767794682263605,1.6679255349779627
16.12012012012012,2.098960949344644,-0.8613160007798646,1.5738653873634767,1.8695351405531762
16.144144144144143,-2.842670384922177,-0.8883116563947828,1.2064559142324824,-2.049493386739267
16.16816816816817,0.3782096604727561,-1.12954172966543,-0.7676566867835495,1.995563121371955
16.19219219219219,-0.8924736182839604,0.5367317344958459,-2.093568645829908,1.843550319003386
16.216216216216218,-2.003162420549817,-1.3734029428391052,2.14302404897943,-2.018672444373205
16.24024024024024,0.32068021360406085,-1.7622186105064646,1.0591963988160866,-1.6661601156906896
16.264264264264263,0.5018623174485438,-1.3861410104323273,-1.8943446391063188,2.093318096667646
16.28828828828829,1.5364630078705763,0.6341479148512291,0.8608937625463826,-1.4679364814798825
16.31231231231231,-0.15780509890419334,-0.16529366855784677,-1.7199662011134385,-1.386489184833258
16.336336336336338,0.9824344325707541,0.38351471393254505,2.2484286979184547,1.6558280316631486
16.36036036036036,-0.8352434697582064,-1.076174668103307,1.8743823625986082,-1.839068898507967
16.384384384384383,-1.4466620233197687,1.864345601027528,-1.7141863258358268,-1.9633713147515346
16.40840840840841,0.7328967417900252,-1.722370007900037,-0.9838176103842251,1.1541566725356858
16.43243243243243,-2.100054024899174,1.0191894869639178,-1.187564425268779,2.206979123000156
16.456456456456458,1.4142024814430452,0.816867287399757,-0.5856319986503747,-2.021419177037081
16.48048048048048,-1.3472150631567126,1.2271682517146187,-1.7378863938717064,2.4074554535939665
16.504504504504503,0.38182847154799826,2.0634853260683093,1.2985529180057775,-1.7020437843102743
16.52852852852853,-0.5754186460396887,-0.8069877205435437,1.6040484528380232,2.399029210154162
16.55255255255255,-0.11935282983402576,2.4208199677927924,1.6943773391030226,-2.4618064942134983
16.576576576576578,2.110412475190233,0.9654148129516981,2.0641579855537495,1.0167624525793124
16.6006006006006,0.7289924951865289,-0.6976274006684822,-0.7751047667277823,-1.82286147368031
16.624624624624623,0.4044975171197945,-0.5165552418275234,-1.8734910904459836,2.2178005303443804
16.64864864864865,-1.3173283567290468,-0.806664956580821,-1.9493815667593666,1.1161098443232425
16.67267267267267,0.9864148808421801,0.6666788445630717,1.9641166646579196,1.3725277325005572
16.696696696696698,-2.260699202151915,-0.40330037224378323,0.9144745738110144,-1.7148108887044309
16.72072072072072,0.6495851524144873,0.8927298418058747,-1.1360908825951843,-1.8633934420405749
16.744744744744743,0.4807765351455669,0.893046191778674,0.8250772405952741,1.6332297418475452
16.76876876876877,1.7336995701967957,0.9753484614855976,-2.1275611013619797,-1.9741941455095893
16.792792792792792,1.7730094890448078,-0.934185731303588,1.8427104118401154,-2.3496485115265666
16.816816816816818,-0.9557149119131741,0.7428559656208581,-1.854651662767805,-1.4626627823778215
16.84084084084084,2.1897700175465724,1.9914174868594694,0.6377482965561482,2.0213087869092705
16.864864864864863,0.49535819240786194,1.7674178696081253,-1.5942321140008795,2.275942452579303
16.88888888888889,0.050059094228351406,0.8111028185894656,-1.6031741092590728,2.321091790331215
16.912912912912912,1.6731745307303376,-0.9773017693333055,-1.2081490632976415,-2.1086870727185065
16.936936936936938,0.8114532401353637,0.6194606980041087,1.622169485138669,1.018254143317614
16.96096096096096,-1.4949247786593114,0.48680818312804036,2.0531037093199433,1.9731239519760932
16.984984984984983,0.14317446665378383,-0.9571240573391164,-1.6536486548127085,1.8081796049841554
17.00900900900901,-2.7025309967804954,1.7203672686460045,-2.1613612671412064,2.110475230627693
17.033033033033032,1.2435761131693326,1.4771380247514705,-1.093443953228746,1.649583325062432
17.057057057057058,-1.898507659206803,-0.6854943631358414,1.4511773399930241,1.8474575892227252
17.08108108108108,-1.5410536121352056,0.9496772917833715,-1.973002230266395,-1.8185902455400373
17.105105105105103,-2.1747424813589906,-1.5836139022515479,-0.9317173562843422,2.1838138445949085
17.12912912912913,-0.3114184547195889,-0.7407161660293935,1.9239216805420944,1.7147658943195585
17.153153153153152,0.8154701082817221,-1.8044959984888638,2.0608529215603966,1.8299955124050193
17.177177177177178,1.7029492339140706,1.4679804485727623,1.2429509761280577,1.3260436189520481
17.2012012012012,0.48165971626330606,0.8600831061808814,-2.107207804592047,-2.12666718556352
17.225225225225223,-0.6677677524829038,0.6170137559488018,2.2734822594577873,-1.5598043247106075
17.24924924924925,2.1181875209747054,-1.6844230834096445,-1.3905724350280455,-2.0765353323573987
17.273273273273272,2.6093510867820733,-1.0837581630325828,1.2105735139456244,-1.7807712169270002
17.2972972972973,0.2371465153724427,1.8167605211252258,-1.8547496359571152,2.018306598119944
17.32132132132132,2.260933453228122,0.3976505723135555,1.5199258881965902,-2.2215899013802365
17.345345345345343,1.8676675730220076,-1.1842535786550172,-1.6724746656500882,1.8068963290996038
17.36936936936937,-0.9423573488979651,0.19034621440148622,-2.3434056718356655,1.8491978364470243
17.393393393393392,-2.4046389356243845,-2.639734702860871,1.1191059331938453,1.4555476270921146
17.41741741741742,-0.7436440446699231,-0.7086205503993899,1.9819460394110484,-2.1246398346555475
17.44144144144144,1.028108876025996,-1.0704381885779386,1.3352127198936214,-1.6506901410772217
17.465465465465467,-2.2914824173261383,-1.8327745271124924,1.805094405835028,1.8784320436971518
17.48948948948949,-0.49226614700936633,-1.118351001454735,1.5508580174261344,-1.849987862954619
17.513513513513512,2.9112432667935573,1.69408757562264,1.4693143449168342,1.4531803059695036
17.53753753753754,0.7630131749938764,1.59885373849684,-2.239976045443187,1.776162822858674
17.56156156156156,-1.5726908037372878,1.6082832275936862,-2.1205013432361164,1.6971646580598867
17.585585585585587,-1.8465802255949308,1.9948181654542838,1.2310290278472364,1.9373847796247095
17.60960960960961,0.472790992057175,-0.8005934775135972,-2.1418718575408087,-2.094725156444077
17.633633633633632,0.3361858643872243,1.8585834397977816,1.721780077068732,2.2047460699380967
17.65765765765766,1.5235530854366837,-1.6970574495904531,-0.9527029552034216,-2.3339187521935503
17.68168168168168,-1.8682011165326118,-1.2770213019359875,1.5384847757985798,1.7080927292828523
17.705705705705707,-0.669355113139165,-0.03049481191855711,1.6277295175064082,-2.171926157684124
17.72972972972973,0.39891686166558726,2.1202919373390965,1.2786951446989614,-1.191244501197983
17.753753753753752,-0.15402134876734055,1.9703788296277107,1.3185291903583591,-2.470051689344319
17.77777777777778,-0.50659508899064,-1.6955601718301865,1.7231172511870143,-1.834220484086639
17.8018018018018,0.26552392776603684,1.3567903327821136,-0.8478166575610677,-2.3251212824350973
17.825825825825827,-0.9548587717037585,-0.5919965252701572,2.292508995983826,-1.702632276894635
17.84984984984985,2.898542230899889,-1.6785794874944082,1.1413047314054066,-1.6173296551943084
17.873873873873872,-3.346300226824559,-2.3617660970422434,1.3003914603640048,-1.5895006361082198
17.8978978978979,-0.4220981324042053,-0.47781685105740856,1.827708804263837,2.004372533369962
17.92192192192192,0.4872767633999518,0.5353611885496761,-1.6333718803672506,2.3667816833441018
17.945945945945947,-1.673451630829598,-2.51269927019895,1.7961256848546419,1.7508546228394104
17.96996996996997,-1.242744040582624,-0.38055525543119917,1.0702224097150512,-2.204187213170309
17.993993993993993,-1.634100572504221,-1.258582308292757,-2.1362083708786734,1.5259738702555912
18.01801801801802,0.332441224154505,1.1171938219388362,-1.8194803237420574,-2.1057649299917807
18.04204204204204,0.1044688360706807,-2.21885568030301,1.362832207604833,1.9724697170978653
18.066066066066067,0.0678118377788045,2.0028468958063708,2.091814486147876,-2.069961208225859
18.09009009009009,-1.2485581883833485,-0.578042616086681,1.7647076282149592,-1.491256057469359
18.114114114114113,1.1009099198425427,-0.9775403581358815,-2.443859127149391,-1.7853828597896655
18.13813813813814,-2.724018041151155,-0.7292103128363071,1.329717808866411,-1.8040773128802308
18.16216216216216,-2.279826579817904,-1.8274274944957531,-2.1574212983723617,1.0781286307593507
18.186186186186188,-0.3154525377378793,-2.596062777117404,-1.7056786786437201,-1.1980561940160457
18.21021021021021,-2.2713209727974872,0.6822896249743822,0.9437834180700766,2.2602393589996486
18.234234234234233,1.542813240483212,2.679079201758945,-2.2379523580217127,1.6402987951765866
18.25825825825826,0.7076758544928837,1.1672354804105227,-1.0984108538284232,1.534992713082197
18.28228228228228,-2.3528656729481754,0.8166455832352837,1.9776640589720464,1.8063852448292732
18.306306306306308,0.11962321199179639,-1.007297859356159,1.9146048648362144,-2.3349964821771887
18.33033033033033,-1.0413800224050198,0.9572955605309903,1.4241586322765065,-1.8514349190944823
18.354354354354353,0.2995479274973385,2.1118345301446606,0.5488867303934095,2.036866443803477
18.37837837837838,1.0925165902529017,1.1528741219448275,-1.5411108284883919,-2.2701267372559553
18.4024024024024,3.4815466493674956,2.006833343920931,0.9028743764676878,1.6180989115101179
18.426426426426428,-2.594324726844,-2.2488183207724375,-2.221222538844948,1.4421495882829394
18.45045045045045,1.0062031449718971,1.84470042746111,0.4765932352252607,-2.466481846158587
18.474474474474473,0.9684958997544154,-1.0770096812938204,-1.0438726919878294,2.0361910991146313
18.4984984984985,1.930905749065304,0.448475702413869,-1.2459478659402974,-2.134612801187768
18.52252252252252,0.9988012441578611,-1.5843068011187729,1.8619812869001497,-2.2506134140925345
18.546546546546548,1.1547274509985899,-1.1276715136920779,1.4227360516286314,1.6378713960118036
18.57057057057057,1.4794490238814517,-1.6595475091581697,-1.9886403311343501,-2.3824607744273645
18.594594594594593,1.1406335571289006,0.7782728977295383,0.7464752879898847,1.7065320552816416
18.61861861861862,1.515165362348666,-1.3419564886616773,1.6561505080214671,1.9485790112269972
18.64264264264264,-0.4483142602714409,0.6733516034420745,-1.4426585737729796,-2.0254517039431557
18.666666666666668,-0.27348081924467327,2.1787849110196604,-1.6677557347252094,1.553122769648194
18.69069069069069,-2.577461576854181,-1.5681781490520577,-1.1464460936321117,-2.2685120858004675
18.714714714714713,-0.057051843501705675,1.123867573858666,1.6877164533441609,-1.7942930933864902
18.73873873873874,-1.342505604269549,-0.796921577959523,1.9659954992711952,-1.7882592750902013
18.762762762762762,-1.5410739975969137,-0.6946283457999203,-0.5386954695192276,2.450682868581474
18.786786786786788,-2.9202338035974416,0.7497293607022034,1.4663765987688304,1.7096748876580983
18.81081081081081,-2.556506140528869,1.1633891745062386,-1.4940666583110884,-1.89330279222111
18.834834834834833,0.41414692729345154,-1.4478822056603218,2.519152498208252,-2.0308727603317784
18.85885885885886,2.3594488815367507,0.8191084646201353,1.4906225846109813,2.1454061031147305
18.882882882882882,-0.1798500110151206,-1.265062934352452,-1.822886431161431,2.156239191336849
18.906906906906908,-1.0147515868504204,1.4362557966946894,0.6711927330353046,1.7814500735347123
18.93093093093093,0.7787317435622564,-0.5870012987632062,1.416836888251379,2.0900813095618243
18.954954954954953,-0.2915490386767054,-0.7827791937954549,-1.4855680260094115,-2.2709865449801345
18.97897897897898,-0.18369150615936727,-1.4511797172679999,1.3054797979967412,1.8279236042638876
19.003003003003002,0.8908674054496911,2.3093177550942245,-1.327354175747219,1.4723160139994336
19.027027027027028,0.6874587743236855,1.7882486454144877,-0.22036231019202765,-1.7791604323732535
19.05105105105105,-1.2563383869614968,-1.9810627028270917,1.5629627094813747,-1.1842407674636655
19.075075075075073,0.5344915100265272,0.6579497460636516,-0.6548833877343424,1.9611361867983115
19.0990990990991,1.2975176041534189,1.2979411801141207,1.314672714703108,2.1999708280767196
19.123123123123122,3.012959492514047,1.2131674570978088,1.8286465223955526,-1.0302677277273704
19.147147147147148,-2.1679303936386556,-1.8924649752806721,-1.071003938666445,-2.233391334508131
19.17117117117117,-1.122105134351754,1.8567643967934817,-1.0671297410351634,2.4491854012652476
19.195195195195193,-0.8768616773403513,-0.6275406974212316,1.9556205403384888,1.878296713440601
19.21921921921922,-2.4129546983568932,0.8234782655596673,1.6682816540875893,1.592907644228388
19.243243243243242,0.9552320115732297,-0.9935930560755009,1.8643193165487557,-2.1274748444283764
19.26726726726727,-1.1515028485253664,-1.6620219742437754,-1.0398430430049928,-2.080422799690045
19.29129129129129,0.4091595148220455,-1.579939103582223,-1.854718894223214,-2.04452381476673
19.315315315315313,-0.3560274641078321,2.0222565071752725,-2.060343651233156,-1.485981128695119
19.33933933933934,-2.78197106052127,-0.9823896725555762,1.8648022510806215,-2.2424544684143966
19.363363363363362,-1.5923511902929093,0.44562434935277107,-2.2674933099673753,-2.2324806821639354
19.38738738738739,0.4512120660707882,-1.5017401023763775,-2.302410642485462,-1.535039147731656
19.41141141141141,2.155255342723047,-1.9909109673216248,0.9620657844756542,1.8729880569107442
19.435435435435434,-0.30518862937105673,-0.5547817782641394,-1.8419307497228625,1.5701660103035773
19.45945945945946,1.3339039579260346,-1.0407375777579477,-1.2085200602966881,1.5324876404953818
19.483483483483482,-1.3469775481386879,1.3258832756785086,0.9514505895887907,2.0097372782502205
19.50750750750751,-0.028142298017344598,-1.1111606171133672,1.4834179002796948,1.752482256692994
19.53153153153153,1.8634326941285517,1.5014594111888033,1.6251019597600245,2.254634417660113
19.555555555555557,-1.8398119817905298,-0.42066892274670736,0.960254413923331,-1.628447932612894
19.57957957957958,-0.39539812436915395,0.2541723098243505,-1.8084399571046994,1.6462729270257317
19.603603603603602,-1.3432932290777295,0.2411632629645496,1.774443557896838,-2.1371329342646725
19.62762762762763,0.4029243202714051,2.1050392429757707,1.6460887775721096,1.9723621257129693
19.65165165165165,-0.7228877768332155,0.6222428452711585,-2.396610997928578,2.0669337639093257
19.675675675675677,1.3520341663124946,1.828210686531477,-1.249094603593697,1.5346331566598843
19.6996996996997,-0.7648011013705782,-1.1256146693143336,1.6040292645189242,1.9330596000355895
19.723723723723722,2.914715244642143,1.191732090529992,1.3789161956116467,-1.373644177084275
19.74774774774775,-0.6240283025684166,2.053897486690907,-1.407294929171123,1.9831528725300385
19.77177177177177,0.9219935020654617,-0.38498635126158,1.1350027248487837,1.969871798870339
19.795795795795797,0.946520641818091,-1.1141688653076505,0.8699435433703261,1.0297858937056334
19.81981981981982,-1.1841197667229222,2.170168626292227,-0.8434988522879013,1.09972094712433
19.843843843843842,0.7864057163764849,-1.482367983442257,1.5025415655751135,1.8675538973062096
19.86786786786787,0.7239451917366487,0.44829358585015583,1.568328420361892,-1.7656433034886763
19.89189189189189,-0.7003741663243815,1.3945626126473762,-1.29791963321848,2.396397530640817
19.915915915915917,-1.681960894479973,1.6877489773556367,-1.9711617750127175,-1.6749223074421737
19.93993993993994,0.8408749641942905,-2.151984986421346,-1.3895800271620058,1.8345504265375165
19.963963963963963,0.1647903865600599,1.7542319617385937,-1.5002098454384534,-2.004369871744601
19.98798798798799,-1.3541470301073877,-0.8321037272066848,-1.37371227874901,-1.26987673476676
20.01201201201201,-2.8690806536891076,0.8004782682778754,-1.3993656073198826,1.8131510172938805
20.036036036036037,1.0095662134066223,1.2270239753620134,-2.236241389663627,-1.5140936705231773
20.06006006006006,-0.13449081787523848,0.7380533605936226,1.9163042620791757,1.4874496728906743
20.084084084084083,-1.0011163486102284,-1.5155172922400149,1.691292240232588,1.4624353636523226
20.10810810810811,-1.4656253118000275,0.727764389865869,1.7295707462948038,-1.8132121755065322
20.13213213213213,-2.852208910482285,1.0746057062565286,2.300756459949246,1.4193920454562305
20.156156156156158,-1.2886860639058955,-0.7588632735560967,1.0239200515328055,2.024851322998277
20.18018018018018,1.7124696700023128,-1.0285563389804167,1.6160205948079955,1.6872585697300746
20.204204204204203,-0.47228517606084613,-1.4773891786454023,-1.961657555789822,2.2839973447772572
20.22822822822823,2.2996408160146466,-1.0131228632261555,-1.1786881108945257,2.1673752080768196
20.25225225225225,-2.06653055583411,-1.5187656678536554,1.730719373912642,-2.269786894334166
20.276276276276278,0.8729706006636998,-0.5176159296020647,-2.1308222304086937,1.9701984921769615
20.3003003003003,-2.432428312479826,-1.4526452778888288,1.830819573373217,2.1039568325791307
20.324324324324323,-3.125241819418259,0.21081815853415542,1.760960630425983,-2.0267049113412114
20.34834834834835,-2.0862911877915704,1.1968587165208016,-1.2565053160711812,-2.2802266901250072
20.37237237237237,-0.3962434107629369,1.8913672494597593,-2.4160981978774827,2.3344875196115464
20.396396396396398,1.1877023128890178,-1.9690702160271798,2.065257519999979,-2.014519153286005
20.42042042042042,0.7643792722994432,2.2432725607703197,1.2468435093307573,-2.02940127874553
20.444444444444443,-0.7003417856294825,-1.1711068827614637,2.0346693091227,-1.6521331339245935
20.46846846846847,0.36198270038909497,1.2838815141475117,1.826237578961321,1.8881374268991022
20.49249249249249,-1.15454846182516,-0.4128059429634882,-2.0337740891948797,-1.414052872391542
20.516516516516518,-1.5446142808292356,2.138253224130815,-1.5678890595410824,2.3979101021730043
20.54054054054054,0.9083497143394115,-0.4499282194738911,-1.9841940898614978,2.23980050206266
20.564564564564563,-0.5702355888128207,1.8798003003313273,-2.268722873665085,-2.2596933925855556
20.58858858858859,2.1932262047529787,1.5312105349123333,-1.2432144550863264,1.2094420160574584
20.61261261261261,0.9071666438937626,-1.2573238762440506,-1.6591584480239197,-1.7458706288515549
20.636636636636638,-1.7155530762793825,-0.8434622139400686,0.7696744045950986,-2.079549586933766
20.66066066066066,-0.8290227162867917,-2.1999913451758206,-2.170424033007583,1.8394994743949256
20.684684684684683,-1.7318464763319303,-1.8484138771766623,-1.5701077241733155,1.8638423315843895
20.70870870870871,-2.3795294437557732,-0.5014388827205011,-2.104856985512263,0.7940538683002991
20.73273273273273,0.3001395456794353,1.2811476241558892,2.460738010594266,1.9745108268572151
20.756756756756758,0.8681501472260491,0.6896646642440056,1.066124203579892,-1.8072561079751261
20.78078078078078,-0.6413851969085934,-1.2962021127727563,-0.815367112250279,-2.270050568169226
20.804804804804803,-0.29070012804192,1.9462890759199964,-1.8404768568965177,2.016270615175062
20.82882882882883,-0.4423713462196091,-1.0596010245183158,-1.9167586966511376,1.8744116111765117
20.852852852852852,-0.6764808006218002,-0.6558510799765734,-0.6705652373632288,-1.3496866019759652
20.876876876876878,0.7409731019327687,-1.6261677572820261,-1.8375850940557499,1.2281920628941003
20.9009009009009,0.32488045764909873,-0.3664848065452131,-1.602419652731645,-2.3181054318998444
20.924924924924923,-3.4313369308423565,-0.9282757114980295,-1.4782438932483624,-1.589777400201655
20.94894894894895,-0.5687114495290249,1.5158875188525662,0.9989836349471429,1.7234131814544118
20.972972972972972,0.7264375776180746,0.6727333796498783,-0.8551604321157088,-2.2936165525982237
20.996996996996998,-1.9596938234326367,-1.2990236104757356,-1.8804131507363315,-2.315854372021665
21.02102102102102,-2.3623777263259114,1.0785217566988237,0.6110468596659553,1.343469098945178
21.045045045045043,-0.06887145953058674,1.5193265811333194,1.385757770948558,1.160476124632781
21.06906906906907,-0.8776866490691619,1.3352619367323944,1.7414102292172178,2.115444011326561
21.093093093093092,-1.7892601985368561,0.682436454732124,-1.4786707579632488,-1.041601711198399
21.117117117117118,1.0531115634926158,1.2906078000331207,-2.157959302154583,-1.6088282360942496
21.14114114114114,-2.734000830445402,1.749102887515325,2.44454104851305,-2.360073454341833
21.165165165165163,-0.9100491131573066,2.074674571519156,2.1370803182593945,2.23136853582919
21.18918918918919,0.1444988209869853,-2.1670667956674894,-2.417396729140611,-1.678405345058937
21.213213213213212,-0.18634887459942984,-1.5092610497482315,-0.8417285361618313,-1.8210948188720315
21.237237237237238,-0.20508936037857958,-1.4324818276759466,-1.4149118203906499,-2.0779091218741774
21.26126126126126,-1.3859599523533077,-2.0454377643495554,1.4769418189525645,1.665939479556044
21.285285285285283,0.15373149062008867,0.38437593421511546,0.46462546379560266,1.4587590721163544
21.30930930930931,1.9368708429421013,-2.3179312274389763,1.6795169673685393,-2.1228030822790975
21.333333333333332,0.16906426179897358,-1.8752392814056438,-1.8762960383551248,1.9386649799758813
21.35735735735736,-1.633867843655594,-0.7283037546796645,-0.8141944598013895,-1.846520894714563
21.38138138138138,-0.7923354355363126,1.0512085819578214,0.9183845042354107,-1.7317371742053589
21.405405405405403,0.8035369304861061,2.1242138411440217,0.7576400415966852,2.417871966434521
21.42942942942943,1.0604257762707434,0.4523702629248197,1.8096424968994562,-2.260014111663564
21.453453453453452,1.0948719104789175,1.200492547165652,-1.0031707054511967,-1.1286651928047517
21.47747747747748,-0.9603944677590136,-1.290408384066548,-0.965335709379177,2.2132052493197025
21.5015015015015,-0.5116829957641564,-1.2273446841631375,-1.1500171944387922,-1.4286820678097905
21.525525525525524,0.42028530287569515,-2.118928298690596,2.018163254685578,1.6532684870740717
21.54954954954955,-1.3527542434403215,-1.391079015743387,2.216838402172888,1.685234136169477
21.573573573573572,2.2905018939254354,1.9191136972865381,-1.583097490684401,-1.915643144285468
21.5975975975976,-1.0182361858424014,-0.6109455006996227,-1.1868249656736536,2.4338781731690937
21.62162162162162,0.5349599407429145,-0.28277252259565944,-2.427210478544311,1.6198003315108185
21.645645645645647,-0.6105086288076493,0.6707685821296938,1.8967783152472393,2.1248845453359197
21.66966966966967,-1.8097592400548863,-1.510296322506602,0.9928475184633218,-2.0997321327806167
21.693693693693692,-0.981072805223353,2.489793064939796,1.118018872368745,-2.2875282631744605
21.71771771771772,0.7326454416286602,1.001259505383788,1.1503936261753203,1.6539414343463363
21.74174174174174,-0.630756485577938,-2.0538756445627895,-1.1355064383579794,-2.0754431618243476
21.765765765765767,-1.7212376118630313,-1.4864540175129353,1.7111543306845345,-1.8725784764383704
21.78978978978979,0.09673425677010171,1.0634273593602632,-1.5270394675469172,-1.7335606130208145
21.813813813813812,0.9997847355547536,2.440135727433791,-1.036299541226768,2.117462663954831
21.83783783783784,0.5015014191938526,-1.5244674904146147,-0.9870631713536593,1.1757280986556198
21.86186186186186,-1.3660952555673331,-2.033208353140432,-2.268148284361856,-2.2237491907821303
21.885885885885887,1.5475477364488908,-1.1773916545654877,-1.368983160898429,-2.175804019515898
21.90990990990991,0.5000839613621867,-2.171659559509434,1.5521922137391213,-2.116171370050608
21.933933933933933,-0.5173407257601845,-0.9090624508995042,-1.5872764009937557,-2.2563136663138557
21.95795795795796,0.9152357501127928,-0.7273401990013563,1.983845758051303,2.2468066727304272
21.98198198198198,2.460684832482234,1.9108215575007774,-1.1041046504731322,2.11875659183968
22.006006006006007,-2.476606409669815,-1.3525054372354979,1.2189031476950967,2.5412540742562055
22.03003003003003,-0.005326175292819241,-2.166417180860538,1.2012096586934966,-1.6831770035498768
22.054054054054053,2.522509294147311,1.5211230809688698,-1.4030111082956256,-1.9338390681381552
22.07807807807808,-2.2518980791189622,-1.6008745791637302,1.437260936345144,-1.690668439024797
22.1021021021021,-1.2022065123047956,0.3705618232442875,0.9961037633198736,2.2829657204516645
22.126126126126128,3.2635138917711504,-1.3245593319270013,-1.6280341905987017,1.9377943365682009
22.15015015015015,-1.2474654989281568,-1.4924709742574995,1.5254446536677682,-1.3307069128458948
22.174174174174173,-1.7958240727325343,2.3261207033380344,1.8763957034603336,-1.4146277535799312
22.1981981981982,2.5130160992517245,1.0124475209427466,1.1178761132607546,2.270830579620628
22.22222222222222,0.22772131030631015,-2.5035934495095566,0.9716326011241343,1.881020921148226
22.246246246246248,-2.6226174080741664,-1.453842515374016,-1.305919957732714,-1.9696812598366595
22.27027027027027,0.7802186026250446,2.0020550138195383,-1.7055990541169144,-2.446812219786978
22.294294294294293,0.3265552730931991,0.07798389545533939,-1.4402071260790328,2.1952559028617906
22.31831831831832,-1.788183000702843,-0.8020749082718481,-1.6075744555663167,-1.7345200315888558
22.34234234234234,0.7202333904371754,1.0727193461844686,-1.0773295269562932,1.6878034004012132
22.366366366366368,-1.254667736016039,2.3692309289398246,-0.9201377263001558,2.488062647502181
22.39039039039039,-0.6833889294419846,1.438094517488071,-1.5585801017801817,-1.4841412208605225
22.414414414414413,0.45113941784224504,-1.0384676568533449,-1.6247125013892372,1.7151480210058616
22.43843843843844,-0.452845209263151,1.0922914705772901,0.8883442767780846,-1.766554840847869
22.46246246246246,-0.8856889613262173,2.2323755354908026,-1.1111168839523533,-2.0420974976068016
22.486486486486488,-1.7738127298917286,-0.69897763461199,1.8766800509827786,2.241763550541671
22.51051051051051,-1.1897470929123828,1.6278654481636834,2.2699042070547364,-1.9188687768397672
22.534534534534533,1.197926968858918,-1.2987117436112474,1.3045864930112565,1.7562224700508886
22.55855855855856,-1.3334225184698232,-0.16793682771654003,0.9339946093318278,1.7760505543105907
22.58258258258258,-1.658283271576072,1.1479079695693013,-0.9591116791537879,-2.01285143013578
22.606606606606608,0.5624931383720465,2.5402931467962864,-1.5330362728041462,-1.8732893795069427
22.63063063063063,-1.0305695427809494,0.4764818549669096,1.4985210424635813,-1.6477651918329288
22.654654654654653,-0.2550504148016769,-1.6374946700320419,0.7339030439675099,-2.288459162749019
22.67867867867868,0.22425380123703956,-0.6789696630684752,0.9627090730132214,1.6726982301810278
22.7027027027027,3.100215221685579,1.490108076968592,-1.5474797745643383,1.9901537562811091
22.726726726726728,-0.6896249290083224,-2.6948210330093523,1.604173956183938,2.123916020918048
22.75075075075075,-0.0643000840855607,1.8100927949669112,1.5889076582400987,-1.8470612875088426
22.774774774774773,-0.82082125147482,-2.8324960658536225,-0.7054876646661943,1.4142003414424746
22.7987987987988,-3.0056904047150272,-1.116465749792483,1.1270424916446398,2.172324214480704
22.822822822822822,2.9291515714026897,-1.4213352502820766,1.7464578770569734,1.9751624288256076
22.846846846846848,1.8820675838167182,-0.6929191207382476,-1.8648633982758651,1.3264209426947682
22.87087087087087,-0.7639165313931884,-0.9837382728937437,0.9724690777323366,-1.7850211747232791
22.894894894894893,1.7473636344749157,0.612364660780262,-1.0650794719663463,1.7965482769406522
22.91891891891892,0.9981197058704492,1.7391910232386167,1.7223247878794443,-2.3249200570357336
22.942942942942942,-2.9948183410033535,-1.306299380119194,0.5125402698377061,-1.6233467397939214
22.966966966966968,1.5657126670925934,-0.9375690137993612,1.5754504541539747,-2.0076276674352944
22.99099099099099,-2.6041951909476277,0.45365401804520367,-1.7805476450421074,-2.286721182016956
23.015015015015013,1.756258902008328,-1.1034215482608176,-1.7342677057854983,-1.8306453914866303
23.03903903903904,2.1282795988362877,2.1969519933517967,-0.342785403825,-2.202087161636813
23.063063063063062,-0.3181189544600869,0.8237979802151495,-1.6645061286428715,2.2142258004536304
23.087087087087088,1.7965496652217605,1.743616384548217,-1.2185108515230854,1.8346615648623377
23.11111111111111,-1.8548308979500407,-1.0278969763392212,-2.194350987619702,2.0914369344517336
23.135135135135133,-0.9288888359719915,-0.9965658941582902,-1.916737753983043,-1.5862323816748325
23.15915915915916,-1.703068905936339,1.7271674310550027,-1.8193728509589717,-1.2492103230642653
23.183183183183182,0.25894206222099025,-0.5369190948706197,1.631486430354632,-1.9941481713627618
23.207207207207208,-1.8397892878172288,-2.077975396801778,-1.8204218536880954,1.6303842745714765
23.23123123123123,-0.34567390095761913,1.6679363984618776,-1.7370091240204013,-1.5594645152364974
23.255255255255253,-0.4946332734720582,2.106534293239394,-1.2544993579447505,1.982354219401978
23.27927927927928,1.773646985981662,2.0088757875304957,1.3143878574211427,-2.161791445240201
23.303303303303302,-1.9051087995196412,0.3702469777384053,-2.0829144793499483,-1.520639377356658
23.32732732732733,-0.35384841853109367,-0.30809343582575516,-1.6685918189534505,-1.9673793732190838
23.35135135135135,-2.274330452558599,0.7874690518683257,1.7843317299885308,-1.8920423497929932
23.375375375375373,-0.24194541478318463,1.760928948731729,1.4898848816184833,1.0559196239333861
23.3993993993994,1.8008256076857885,0.21108888990239494,-1.0746795802243994,-1.4022153248625255
23.423423423423422,-2.5758738682399,1.5584257086484075,1.226837333585592,1.9838678643706862
23.44744744744745,-1.8418011147853057,2.269510248874903,-1.293871982102546,1.3084382657441598
23.47147147147147,-1.342460861693367,-2.323854533407407,-1.1277672359494082,-1.8339975746866488
23.495495495495494,0.594142199725604,1.0399311228896886,-0.9193582706665542,-1.825700812080274
23.51951951951952,-0.5794084796296393,-1.586537088465487,2.0729098521518807,-1.1929892644731313
23.543543543543542,1.8039290391342904,1.4232851741194883,2.0009568432899876,2.0864911286572485
23.56756756756757,-0.30221365897848274,-2.201103450200835,1.13580728543282,-1.8591190017108656
23.59159159159159,-0.6173978484648138,0.8486165896746615,-1.2793520857970384,-1.957209049865163
23.615615615615617,0.6586292023207052,2.5200781188834243,-1.4954472558209575,-2.2305215152906146
23.63963963963964,-0.17159879963249747,1.7888470045908897,1.3561230380071405,-2.116978411083746
23.663663663663662,2.1213026288848127,-0.5684272968875237,0.6408301615634203,-1.3561170714379285
23.68768768768769,-1.4506329020745237,-0.5998178747321775,-2.1384922665380146,1.9899760927478976
23.71171171171171,0.14088161262467822,-1.3716514383410519,-2.2866259497112154,2.097985699355933
23.735735735735737,0.26851500104625703,-1.5828310665049568,-2.3448151577097978,0.9465931060687571
23.75975975975976,-1.7923690605978388,1.1176188203111075,1.3553013739267032,-1.7242038479912076
23.783783783783782,1.4907990056519043,-1.091906226042137,0.8333898050411331,-1.7228024911651871
23.80780780780781,-0.41752604122644094,0.4424985957964164,-1.2848951020756345,-2.3530498555346546
23.83183183183183,0.38200781488311014,-2.137741487865116,1.1645631218123154,1.6871506783290178
23.855855855855857,-0.2555237711675199,-1.5683618176546394,-1.26808329283591,-2.2809277975578977
23.87987987987988,-0.20275760792803116,-1.3948584733538072,1.6449624840189918,1.802860318484559
23.903903903903903,2.245329113226076,-1.5968210020278693,-1.1749544759452448,1.2745035031669445
23.92792792792793,-1.207153944223505,1.211846150712387,-1.2919175058212538,1.804543579875059
23.95195195195195,1.4508648261795893,-0.539382653321242,2.260036990595019,1.5646556453247895
23.975975975975977,-0.11676552566652565,-1.8564858547035017,1.661207921067452,-1.3859314913401002
24.0,-1.9312731433843384,0.8801825856588571,-1.2582077515398276,-2.294384833280379
